"../../../Engine/Plugins/Animation/ACLPlugin/Content/ACLAnimCurveCompressionSettings.uasset" 0
"../../../Engine/Plugins/Animation/ACLPlugin/Content/ACLAnimCurveCompressionSettings.uexp" 1
"../../../Engine/Plugins/Animation/ACLPlugin/Content/ACLAnimBoneCompressionSettings.uasset" 2
"../../../Engine/Plugins/Animation/ACLPlugin/Content/ACLAnimBoneCompressionSettings.uexp" 3
"../../../Engine/Plugins/2D/Paper2D/Content/PlaceholderTextures/DummySpriteTexture.ubulk" 4
"../../../Engine/Plugins/2D/Paper2D/Content/PlaceholderTextures/DummySpriteTexture.uasset" 5
"../../../Engine/Plugins/2D/Paper2D/Content/PlaceholderTextures/DummySpriteTexture.uexp" 6
"../../../Engine/Plugins/2D/Paper2D/Content/DummySprite.uasset" 7
"../../../Engine/Plugins/2D/Paper2D/Content/DummySprite.uexp" 8
"../../../Engine/Plugins/2D/Paper2D/Content/DefaultPaperTerrainMaterial.uasset" 9
"../../../Engine/Plugins/2D/Paper2D/Content/DefaultPaperTerrainMaterial.uexp" 10
"../../../Engine/Plugins/Animation/ControlRig/Content/Controls/DefaultGizmoLibraryNormalized.uasset" 11
"../../../Engine/Plugins/Animation/ControlRig/Content/Controls/DefaultGizmoLibraryNormalized.uexp" 12
"../../../Engine/Content/EngineSounds/Master.uasset" 13
"../../../Engine/Content/EngineSounds/Master.uexp" 14
"../../../Engine/Content/EngineMaterials/DefaultPhysicalMaterial.uasset" 15
"../../../Engine/Content/EngineMaterials/DefaultPhysicalMaterial.uexp" 16
"../../../Engine/Content/EngineMaterials/DefaultDestructiblePhysicalMaterial.uasset" 17
"../../../Engine/Content/EngineMaterials/DefaultDestructiblePhysicalMaterial.uexp" 18
"../../../Engine/Content/EngineFonts/Faces/RobotoLight.uexp" 19
"../../../Engine/Content/EngineFonts/Faces/RobotoLight.uasset" 20
"../../../Engine/Content/EngineFonts/Faces/RobotoLight.ufont" 21
"../../../Engine/Content/EngineFonts/Faces/RobotoBold.uexp" 22
"../../../Engine/Content/EngineFonts/Faces/RobotoBold.uasset" 23
"../../../Engine/Content/EngineFonts/Faces/RobotoBold.ufont" 24
"../../../Engine/Content/EngineFonts/Faces/RobotoRegular.uexp" 25
"../../../Engine/Content/EngineFonts/Faces/RobotoRegular.uasset" 26
"../../../Engine/Content/EngineFonts/Faces/RobotoRegular.ufont" 27
"../../../Engine/Content/EngineFonts/Faces/DroidSansFallback.uexp" 28
"../../../Engine/Content/EngineFonts/Faces/DroidSansFallback.uasset" 29
"../../../Engine/Content/EngineFonts/Faces/DroidSansFallback.ufont" 30
"../../../Engine/Content/EngineFonts/Faces/RobotoItalic.uexp" 31
"../../../Engine/Content/EngineFonts/Faces/RobotoItalic.uasset" 32
"../../../Engine/Content/EngineFonts/Faces/RobotoItalic.ufont" 33
"../../../Engine/Content/EngineFonts/Faces/RobotoBoldItalic.uexp" 34
"../../../Engine/Content/EngineFonts/Faces/RobotoBoldItalic.uasset" 35
"../../../Engine/Content/EngineFonts/Faces/RobotoBoldItalic.ufont" 36
"../../../Engine/Content/EngineFonts/Roboto.uasset" 37
"../../../Engine/Content/EngineFonts/Roboto.uexp" 38
"../../../Engine/Content/Animation/DefaultVariableFrameStrippingSettings.uasset" 39
"../../../Engine/Content/Animation/DefaultVariableFrameStrippingSettings.uexp" 40
"../../../Engine/Content/Animation/DefaultRecorderBoneCompression.uasset" 41
"../../../Engine/Content/Animation/DefaultRecorderBoneCompression.uexp" 42
"../../../Engine/Plugins/Interchange/Runtime/Content/Pipelines/DefaultTexturePipeline.uasset" 43
"../../../Engine/Plugins/Interchange/Runtime/Content/Pipelines/DefaultTexturePipeline.uexp" 44
"../../../Engine/Plugins/Interchange/Runtime/Content/Pipelines/DefaultSceneLevelPipeline.uasset" 45
"../../../Engine/Plugins/Interchange/Runtime/Content/Pipelines/DefaultSceneLevelPipeline.uexp" 46
"../../../Engine/Plugins/Interchange/Runtime/Content/Pipelines/DefaultSceneAssetsPipeline.uasset" 47
"../../../Engine/Plugins/Interchange/Runtime/Content/Pipelines/DefaultSceneAssetsPipeline.uexp" 48
"../../../Engine/Plugins/Interchange/Runtime/Content/Pipelines/DefaultMaterialXPipeline.uasset" 49
"../../../Engine/Plugins/Interchange/Runtime/Content/Pipelines/DefaultMaterialXPipeline.uexp" 50
"../../../Engine/Plugins/Interchange/Runtime/Content/Pipelines/DefaultMaterialPipeline.uasset" 51
"../../../Engine/Plugins/Interchange/Runtime/Content/Pipelines/DefaultMaterialPipeline.uexp" 52
"../../../Engine/Plugins/Interchange/Runtime/Content/Pipelines/DefaultGLTFSceneAssetsPipeline.uasset" 53
"../../../Engine/Plugins/Interchange/Runtime/Content/Pipelines/DefaultGLTFSceneAssetsPipeline.uexp" 54
"../../../Engine/Plugins/Interchange/Runtime/Content/Pipelines/DefaultGLTFPipeline.uasset" 55
"../../../Engine/Plugins/Interchange/Runtime/Content/Pipelines/DefaultGLTFPipeline.uexp" 56
"../../../Engine/Plugins/Interchange/Runtime/Content/Pipelines/DefaultGLTFAssetsPipeline.uasset" 57
"../../../Engine/Plugins/Interchange/Runtime/Content/Pipelines/DefaultGLTFAssetsPipeline.uexp" 58
"../../../Engine/Plugins/Interchange/Runtime/Content/Pipelines/DefaultAssetsPipeline.uasset" 59
"../../../Engine/Plugins/Interchange/Runtime/Content/Pipelines/DefaultAssetsPipeline.uexp" 60
"../../../Engine/Content/MobileResources/HUD/VirtualJoystick_Background.uasset" 61
"../../../Engine/Content/MobileResources/HUD/VirtualJoystick_Background.uexp" 62
"../../../Engine/Content/MobileResources/HUD/VirtualJoystick_Thumb.uasset" 63
"../../../Engine/Content/MobileResources/HUD/VirtualJoystick_Thumb.uexp" 64
"../../../Engine/Content/MobileResources/HUD/DefaultVirtualJoysticks.uasset" 65
"../../../Engine/Content/MobileResources/HUD/DefaultVirtualJoysticks.uexp" 66
"../../../Engine/Content/EditorResources/S_Actor.ubulk" 67
"../../../Engine/Content/EditorResources/S_Actor.uasset" 68
"../../../Engine/Content/EditorResources/S_Actor.uexp" 69
"../../../Engine/Content/EditorResources/S_BoxReflectionCapture.uasset" 70
"../../../Engine/Content/EditorResources/S_BoxReflectionCapture.uexp" 71
"../../../Engine/Content/EngineResources/DefaultTexture.ubulk" 72
"../../../Engine/Content/EngineResources/DefaultTexture.uasset" 73
"../../../Engine/Content/EngineResources/DefaultTexture.uexp" 74
"../../../Engine/Content/EngineResources/DefaultVolumeTexture2D.uasset" 75
"../../../Engine/Content/EngineResources/DefaultVolumeTexture2D.uexp" 76
"../../../Engine/Content/EngineResources/DefaultVolumeTexture.uasset" 77
"../../../Engine/Content/EngineResources/DefaultVolumeTexture.uexp" 78
"../../../Engine/Content/Functions/Engine_MaterialFunctions02/WorldPositionOffset/CameraOffset.uasset" 79
"../../../Engine/Content/Functions/Engine_MaterialFunctions02/WorldPositionOffset/CameraOffset.uexp" 80
"../../../Engine/Plugins/Animation/ControlRig/Content/M_Manip.uasset" 81
"../../../Engine/Plugins/Animation/ControlRig/Content/M_Manip.uexp" 82
"../../../Engine/Plugins/Editor/SpeedTreeImporter/Content/SpeedTree9/game_wind_noise.ubulk" 83
"../../../Engine/Plugins/Editor/SpeedTreeImporter/Content/SpeedTree9/game_wind_noise.uasset" 84
"../../../Engine/Plugins/Editor/SpeedTreeImporter/Content/SpeedTree9/game_wind_noise.uexp" 85
"../../../Engine/Plugins/Editor/SpeedTreeImporter/Content/SpeedTree9/UnpackDirection.uasset" 86
"../../../Engine/Plugins/Editor/SpeedTreeImporter/Content/SpeedTree9/UnpackDirection.uexp" 87
"../../../Engine/Content/Functions/Engine_MaterialFunctions02/ObjectLocalBounds.uasset" 88
"../../../Engine/Content/Functions/Engine_MaterialFunctions02/ObjectLocalBounds.uexp" 89
"../../../Engine/Content/Functions/Engine_MaterialFunctions02/Utility/BreakOutFloat3Components.uasset" 90
"../../../Engine/Content/Functions/Engine_MaterialFunctions02/Utility/BreakOutFloat3Components.uexp" 91
"../../../Engine/Content/Functions/Engine_MaterialFunctions02/UVs/BoundingBoxBased_0-1_UVW.uasset" 92
"../../../Engine/Content/Functions/Engine_MaterialFunctions02/UVs/BoundingBoxBased_0-1_UVW.uexp" 93
"../../../Engine/Content/Functions/Engine_MaterialFunctions02/Utility/VectorLength.uasset" 94
"../../../Engine/Content/Functions/Engine_MaterialFunctions02/Utility/VectorLength.uexp" 95
"../../../Engine/Plugins/Editor/SpeedTreeImporter/Content/SpeedTree9/UnpackInteger3.uasset" 96
"../../../Engine/Plugins/Editor/SpeedTreeImporter/Content/SpeedTree9/UnpackInteger3.uexp" 97
"../../../Engine/Plugins/Editor/SpeedTreeImporter/Content/SpeedTree9/SpeedTreeCameraFacing.uasset" 98
"../../../Engine/Plugins/Editor/SpeedTreeImporter/Content/SpeedTree9/SpeedTreeCameraFacing.uexp" 99
"../../../Engine/Content/Functions/Engine_MaterialFunctions02/WorldPositionOffset/ObjectScale.uasset" 100
"../../../Engine/Content/Functions/Engine_MaterialFunctions02/WorldPositionOffset/ObjectScale.uexp" 101
"../../../Engine/Content/Functions/Engine_MaterialFunctions02/SafeNormalize.uasset" 102
"../../../Engine/Content/Functions/Engine_MaterialFunctions02/SafeNormalize.uexp" 103
"../../../Engine/Plugins/Editor/SpeedTreeImporter/Content/SpeedTree9/SpeedTreeWindMotion.uasset" 104
"../../../Engine/Plugins/Editor/SpeedTreeImporter/Content/SpeedTree9/SpeedTreeWindMotion.uexp" 105
"../../../Engine/Plugins/Editor/SpeedTreeImporter/Content/SpeedTree9/SpeedTreeBranchMotion.uasset" 106
"../../../Engine/Plugins/Editor/SpeedTreeImporter/Content/SpeedTree9/SpeedTreeBranchMotion.uexp" 107
"../../../Engine/Plugins/Editor/SpeedTreeImporter/Content/SpeedTree9/SpeedTreeWind.uasset" 108
"../../../Engine/Plugins/Editor/SpeedTreeImporter/Content/SpeedTree9/SpeedTreeWind.uexp" 109
"../../../Engine/Plugins/Editor/SpeedTreeImporter/Content/SpeedTree9/EmptyNormal.uasset" 110
"../../../Engine/Plugins/Editor/SpeedTreeImporter/Content/SpeedTree9/EmptyNormal.uexp" 111
"../../../Engine/Plugins/Editor/SpeedTreeImporter/Content/SpeedTree9/Empty.uasset" 112
"../../../Engine/Plugins/Editor/SpeedTreeImporter/Content/SpeedTree9/Empty.uexp" 113
"../../../Engine/Plugins/Editor/SpeedTreeImporter/Content/SpeedTree9/SpeedTreeMaster.uasset" 114
"../../../Engine/Plugins/Editor/SpeedTreeImporter/Content/SpeedTree9/SpeedTreeMaster.uexp" 115
"../../../Engine/Plugins/Editor/SpeedTreeImporter/Content/SpeedTree9/SpeedTreeBillboard.uasset" 116
"../../../Engine/Plugins/Editor/SpeedTreeImporter/Content/SpeedTree9/SpeedTreeBillboard.uexp" 117
"../../../Engine/Plugins/Editor/SpeedTreeImporter/Content/SpeedTree9/SpeedTreeBillboardMaster.uasset" 118
"../../../Engine/Plugins/Editor/SpeedTreeImporter/Content/SpeedTree9/SpeedTreeBillboardMaster.uexp" 119
"../../../Engine/Plugins/Animation/ControlRig/Content/Controls/ControlRigXRayMaterial.uasset" 120
"../../../Engine/Plugins/Animation/ControlRig/Content/Controls/ControlRigXRayMaterial.uexp" 121
"../../../Engine/Plugins/Animation/ControlRig/Content/Controls/ControlRigGizmoMaterial.uasset" 122
"../../../Engine/Plugins/Animation/ControlRig/Content/Controls/ControlRigGizmoMaterial.uexp" 123
"../../../Engine/Content/EngineResources/GradientTexture0.uasset" 124
"../../../Engine/Content/EngineResources/GradientTexture0.uexp" 125
"../../../Engine/Content/EngineResources/Black.uasset" 126
"../../../Engine/Content/EngineResources/Black.uexp" 127
"../../../Engine/Content/EngineMaterials/RemoveSurfaceMaterial.uasset" 128
"../../../Engine/Content/EngineMaterials/RemoveSurfaceMaterial.uexp" 129
"../../../Engine/Content/EngineMaterials/PreintegratedSkinBRDF.uasset" 130
"../../../Engine/Content/EngineMaterials/PreintegratedSkinBRDF.uexp" 131
"../../../Engine/Content/EngineMaterials/DefaultCalibrationGrayscale.uasset" 132
"../../../Engine/Content/EngineMaterials/DefaultCalibrationGrayscale.uexp" 133
"../../../Engine/Content/EngineMaterials/PPM_DefaultCalibrationGrayscale.uasset" 134
"../../../Engine/Content/EngineMaterials/PPM_DefaultCalibrationGrayscale.uexp" 135
"../../../Engine/Content/EngineMaterials/DefaultCalibrationColor.uasset" 136
"../../../Engine/Content/EngineMaterials/DefaultCalibrationColor.uexp" 137
"../../../Engine/Content/EngineMaterials/PPM_DefaultCalibrationColor.uasset" 138
"../../../Engine/Content/EngineMaterials/PPM_DefaultCalibrationColor.uexp" 139
"../../../Engine/Content/EngineMaterials/PhAT_JointLimitMaterial.uasset" 140
"../../../Engine/Content/EngineMaterials/PhAT_JointLimitMaterial.uexp" 141
"../../../Engine/Content/EngineMaterials/NaniteHiddenSectionMaterial.uasset" 142
"../../../Engine/Content/EngineMaterials/NaniteHiddenSectionMaterial.uexp" 143
"../../../Engine/Content/EngineMaterials/InvalidLightmapSettings.ubulk" 144
"../../../Engine/Content/EngineMaterials/InvalidLightmapSettings.uasset" 145
"../../../Engine/Content/EngineMaterials/InvalidLightmapSettings.uexp" 146
"../../../Engine/Content/EngineMaterials/M_InvalidLightmapSettings.uasset" 147
"../../../Engine/Content/EngineMaterials/M_InvalidLightmapSettings.uexp" 148
"../../../Engine/Content/EngineMaterials/MiniFont.uasset" 149
"../../../Engine/Content/EngineMaterials/MiniFont.uexp" 150
"../../../Engine/Content/EngineMaterials/GizmoMaterial.uasset" 151
"../../../Engine/Content/EngineMaterials/GizmoMaterial.uexp" 152
"../../../Engine/Content/EngineMaterials/BaseFlattenEmissiveMap_VT.ubulk" 153
"../../../Engine/Content/EngineMaterials/BaseFlattenEmissiveMap_VT.uasset" 154
"../../../Engine/Content/EngineMaterials/BaseFlattenEmissiveMap_VT.uexp" 155
"../../../Engine/Content/EngineMaterials/BaseFlattenGrayscaleMap_VT.ubulk" 156
"../../../Engine/Content/EngineMaterials/BaseFlattenGrayscaleMap_VT.uasset" 157
"../../../Engine/Content/EngineMaterials/BaseFlattenGrayscaleMap_VT.uexp" 158
"../../../Engine/Content/EngineMaterials/BaseFlattenLinearColor_VT.ubulk" 159
"../../../Engine/Content/EngineMaterials/BaseFlattenLinearColor_VT.uasset" 160
"../../../Engine/Content/EngineMaterials/BaseFlattenLinearColor_VT.uexp" 161
"../../../Engine/Content/EngineMaterials/Black_1x1_EXR_Texture_VT.ubulk" 162
"../../../Engine/Content/EngineMaterials/Black_1x1_EXR_Texture_VT.uasset" 163
"../../../Engine/Content/EngineMaterials/Black_1x1_EXR_Texture_VT.uexp" 164
"../../../Engine/Content/EngineMaterials/BaseFlattenDiffuseMap_VT.ubulk" 165
"../../../Engine/Content/EngineMaterials/BaseFlattenDiffuseMap_VT.uasset" 166
"../../../Engine/Content/EngineMaterials/BaseFlattenDiffuseMap_VT.uexp" 167
"../../../Engine/Content/EngineMaterials/BaseFlattenNormalMap_VT.ubulk" 168
"../../../Engine/Content/EngineMaterials/BaseFlattenNormalMap_VT.uasset" 169
"../../../Engine/Content/EngineMaterials/BaseFlattenNormalMap_VT.uexp" 170
"../../../Engine/Content/EngineMaterials/FlattenMaterial_WS_Normal_VT.uasset" 171
"../../../Engine/Content/EngineMaterials/FlattenMaterial_WS_Normal_VT.uexp" 172
"../../../Engine/Content/EngineMaterials/FlattenMaterial_VT.uasset" 173
"../../../Engine/Content/EngineMaterials/FlattenMaterial_VT.uexp" 174
"../../../Engine/Content/EngineMaterials/BaseFlattenNormalMap.uasset" 175
"../../../Engine/Content/EngineMaterials/BaseFlattenNormalMap.uexp" 176
"../../../Engine/Content/EngineMaterials/BaseFlattenGrayscaleMap.uasset" 177
"../../../Engine/Content/EngineMaterials/BaseFlattenGrayscaleMap.uexp" 178
"../../../Engine/Content/EngineMaterials/BaseFlattenDiffuseMap.uasset" 179
"../../../Engine/Content/EngineMaterials/BaseFlattenDiffuseMap.uexp" 180
"../../../Engine/Content/Functions/Engine_MaterialFunctions02/PivotPainter2/Black_1x1_EXR_Texture.uasset" 181
"../../../Engine/Content/Functions/Engine_MaterialFunctions02/PivotPainter2/Black_1x1_EXR_Texture.uexp" 182
"../../../Engine/Content/EngineMaterials/BaseFlattenEmissiveMap.uasset" 183
"../../../Engine/Content/EngineMaterials/BaseFlattenEmissiveMap.uexp" 184
"../../../Engine/Content/EngineMaterials/BaseFlattenLinearColor.uasset" 185
"../../../Engine/Content/EngineMaterials/BaseFlattenLinearColor.uexp" 186
"../../../Engine/Content/EngineMaterials/FlattenMaterial.uasset" 187
"../../../Engine/Content/EngineMaterials/FlattenMaterial.uexp" 188
"../../../Engine/Content/EngineMaterials/FastBlueNoise_vec2_128x128x64.uasset" 189
"../../../Engine/Content/EngineMaterials/FastBlueNoise_vec2_128x128x64.uexp" 190
"../../../Engine/Content/EngineMaterials/FastBlueNoise_scalar_128x128x64.uasset" 191
"../../../Engine/Content/EngineMaterials/FastBlueNoise_scalar_128x128x64.uexp" 192
"../../../Engine/Content/EngineMaterials/DefaultWhiteGrid_Low.uasset" 193
"../../../Engine/Content/EngineMaterials/DefaultWhiteGrid_Low.uexp" 194
"../../../Engine/Content/EngineMaterials/EmissiveMeshMaterial.uasset" 195
"../../../Engine/Content/EngineMaterials/EmissiveMeshMaterial.uexp" 196
"../../../Engine/Content/EngineMaterials/DefaultWhiteGrid.ubulk" 197
"../../../Engine/Content/EngineMaterials/DefaultWhiteGrid.uasset" 198
"../../../Engine/Content/EngineMaterials/DefaultWhiteGrid.uexp" 199
"../../../Engine/Content/EngineFonts/RobotoDistanceField.uasset" 200
"../../../Engine/Content/EngineFonts/RobotoDistanceField.uexp" 201
"../../../Engine/Content/EngineMaterials/DefaultTextMaterialOpaque.uasset" 202
"../../../Engine/Content/EngineMaterials/DefaultTextMaterialOpaque.uexp" 203
"../../../Engine/Content/EngineMaterials/DefaultDiffuse.ubulk" 204
"../../../Engine/Content/EngineMaterials/DefaultDiffuse.uasset" 205
"../../../Engine/Content/EngineMaterials/DefaultDiffuse.uexp" 206
"../../../Engine/Content/Functions/Engine_MaterialFunctions02/Utility/BreakOutFloat2Components.uasset" 207
"../../../Engine/Content/Functions/Engine_MaterialFunctions02/Utility/BreakOutFloat2Components.uexp" 208
"../../../Engine/Content/EngineMaterials/DefaultPostProcessMaterial.uasset" 209
"../../../Engine/Content/EngineMaterials/DefaultPostProcessMaterial.uexp" 210
"../../../Engine/Content/EngineMaterials/DefaultLightFunctionMaterial.uasset" 211
"../../../Engine/Content/EngineMaterials/DefaultLightFunctionMaterial.uexp" 212
"../../../Engine/Content/EngineMaterials/DefaultDeferredDecalMaterial.uasset" 213
"../../../Engine/Content/EngineMaterials/DefaultDeferredDecalMaterial.uexp" 214
"../../../Engine/Content/EngineMaterials/DefaultBokeh.uasset" 215
"../../../Engine/Content/EngineMaterials/DefaultBokeh.uexp" 216
"../../../Engine/Content/EngineMaterials/DefaultBloomKernel.uasset" 217
"../../../Engine/Content/EngineMaterials/DefaultBloomKernel.uexp" 218
"../../../Engine/Content/Functions/Engine_MaterialFunctions02/Utility/CameraDirectionVector.uasset" 219
"../../../Engine/Content/Functions/Engine_MaterialFunctions02/Utility/CameraDirectionVector.uexp" 220
"../../../Engine/Content/EngineDebugMaterials/VolumeToRender.uasset" 221
"../../../Engine/Content/EngineDebugMaterials/VolumeToRender.uexp" 222
"../../../Engine/Content/EngineDebugMaterials/M_VolumeRenderSphereTracePP.uasset" 223
"../../../Engine/Content/EngineDebugMaterials/M_VolumeRenderSphereTracePP.uexp" 224
"../../../Engine/Content/EngineDebugMaterials/M_SimpleUnlitTranslucent.uasset" 225
"../../../Engine/Content/EngineDebugMaterials/M_SimpleUnlitTranslucent.uexp" 226
"../../../Engine/Content/EngineDebugMaterials/DebugMeshMaterial.uasset" 227
"../../../Engine/Content/EngineDebugMaterials/DebugMeshMaterial.uexp" 228
"../../../Engine/Content/EngineDebugMaterials/DebugEditorMaterial.uasset" 229
"../../../Engine/Content/EngineDebugMaterials/DebugEditorMaterial.uexp" 230
"../../../Engine/Content/EngineDamageTypes/DmgTypeBP_Environmental.uasset" 231
"../../../Engine/Content/EngineDamageTypes/DmgTypeBP_Environmental.uexp" 232
"../../../Engine/Content/EditorResources/S_TriggerSphere.uasset" 233
"../../../Engine/Content/EditorResources/S_TriggerSphere.uexp" 234
"../../../Engine/Content/EditorResources/S_TriggerCapsule.uasset" 235
"../../../Engine/Content/EditorResources/S_TriggerCapsule.uexp" 236
"../../../Engine/Content/EditorResources/S_TriggerBox.uasset" 237
"../../../Engine/Content/EditorResources/S_TriggerBox.uexp" 238
"../../../Engine/Content/EditorResources/S_Trigger.ubulk" 239
"../../../Engine/Content/EditorResources/S_Trigger.uasset" 240
"../../../Engine/Content/EditorResources/S_Trigger.uexp" 241
"../../../Engine/Content/EditorResources/S_Terrain.ubulk" 242
"../../../Engine/Content/EditorResources/S_Terrain.uasset" 243
"../../../Engine/Content/EditorResources/S_Terrain.uexp" 244
"../../../Engine/Content/EditorResources/S_Solver.ubulk" 245
"../../../Engine/Content/EditorResources/S_Solver.uasset" 246
"../../../Engine/Content/EditorResources/S_Solver.uexp" 247
"../../../Engine/Content/EditorResources/EmptyActor.uasset" 248
"../../../Engine/Content/EditorResources/EmptyActor.uexp" 249
"../../../Engine/Content/EditorResources/BSPVertex.uasset" 250
"../../../Engine/Content/EditorResources/BSPVertex.uexp" 251
"../../../Engine/Content/EditorMaterials/PreviewShadowIndicator.ubulk" 252
"../../../Engine/Content/EditorMaterials/PreviewShadowIndicator.uasset" 253
"../../../Engine/Content/EditorMaterials/PreviewShadowIndicator.uexp" 254
"../../../Engine/Content/EditorMaterials/PreviewShadowIndicatorMaterial.uasset" 255
"../../../Engine/Content/EditorMaterials/PreviewShadowIndicatorMaterial.uexp" 256
"../../../Engine/Content/EditorMaterials/PhAT_UnselectedMaterial.uasset" 257
"../../../Engine/Content/EditorMaterials/PhAT_UnselectedMaterial.uexp" 258
"../../../Engine/Content/EditorMaterials/PhAT_NoCollisionMaterial.uasset" 259
"../../../Engine/Content/EditorMaterials/PhAT_NoCollisionMaterial.uexp" 260
"../../../Engine/Content/EditorLandscapeResources/DefaultAlphaTexture.uasset" 261
"../../../Engine/Content/EditorLandscapeResources/DefaultAlphaTexture.uexp" 262
"../../../Engine/Content/BasicShapes/BasicShapeMaterial.uasset" 263
"../../../Engine/Content/BasicShapes/BasicShapeMaterial.uexp" 264
"../../../Engine/Plugins/Runtime/MeshModelingToolset/Content/Materials/M_DynamicMeshComponentVtxColor.uasset" 265
"../../../Engine/Plugins/Runtime/MeshModelingToolset/Content/Materials/M_DynamicMeshComponentVtxColor.uexp" 266
"../../../Engine/Plugins/Runtime/HairStrands/Content/Materials/HairMeshesDefaultMaterial.uasset" 267
"../../../Engine/Plugins/Runtime/HairStrands/Content/Materials/HairMeshesDefaultMaterial.uexp" 268
"../../../Engine/Plugins/Runtime/HairStrands/Content/Materials/HairDefaultMaterial.uasset" 269
"../../../Engine/Plugins/Runtime/HairStrands/Content/Materials/HairDefaultMaterial.uexp" 270
"../../../Engine/Plugins/Runtime/HairStrands/Content/Materials/HairGroupColors.uasset" 271
"../../../Engine/Plugins/Runtime/HairStrands/Content/Materials/HairGroupColors.uexp" 272
"../../../Engine/Content/Functions/Engine_MaterialFunctions02/Utility/MakeFloat2.uasset" 273
"../../../Engine/Content/Functions/Engine_MaterialFunctions02/Utility/MakeFloat2.uexp" 274
"../../../Engine/Content/Functions/Engine_MaterialFunctions02/Utility/MakeFloat3.uasset" 275
"../../../Engine/Content/Functions/Engine_MaterialFunctions02/Utility/MakeFloat3.uexp" 276
"../../../Engine/Content/EngineMaterials/HairColorMap.uasset" 277
"../../../Engine/Content/EngineMaterials/HairColorMap.uexp" 278
"../../../Engine/Content/EngineMaterials/HairDebugColor.uasset" 279
"../../../Engine/Content/EngineMaterials/HairDebugColor.uexp" 280
"../../../Engine/Plugins/Runtime/HairStrands/Content/Materials/HairDebugMaterial.uasset" 281
"../../../Engine/Plugins/Runtime/HairStrands/Content/Materials/HairDebugMaterial.uexp" 282
"../../../Engine/Plugins/Runtime/HairStrands/Content/Materials/HairCardsDefaultMaterial.uasset" 283
"../../../Engine/Plugins/Runtime/HairStrands/Content/Materials/HairCardsDefaultMaterial.uexp" 284
"../../../Engine/Plugins/Runtime/AudioWidgets/Content/Resources/ScrubHandleDown_Clamped.uasset" 285
"../../../Engine/Plugins/Runtime/AudioWidgets/Content/Resources/ScrubHandleDown_Clamped.uexp" 286
"../../../Engine/Content/Functions/Engine_MaterialFunctions02/Utility/MakeFloat4.uasset" 287
"../../../Engine/Content/Functions/Engine_MaterialFunctions02/Utility/MakeFloat4.uexp" 288
"../../../Engine/Content/Functions/Engine_MaterialFunctions02/Utility/BreakOutFloat4Components.uasset" 289
"../../../Engine/Content/Functions/Engine_MaterialFunctions02/Utility/BreakOutFloat4Components.uexp" 290
"../../../Engine/Plugins/MovieScene/MovieRenderPipeline/Content/Materials/MovieRenderQueue_WorldDepth.uasset" 291
"../../../Engine/Plugins/MovieScene/MovieRenderPipeline/Content/Materials/MovieRenderQueue_WorldDepth.uexp" 292
"../../../Engine/Plugins/MovieScene/MovieRenderPipeline/Content/Materials/MovieRenderQueue_MotionVectors.uasset" 293
"../../../Engine/Plugins/MovieScene/MovieRenderPipeline/Content/Materials/MovieRenderQueue_MotionVectors.uexp" 294
"../../../Engine/Plugins/MovieScene/MovieRenderPipeline/Content/Materials/MoviePipeline_StencilCutout.uasset" 295
"../../../Engine/Plugins/MovieScene/MovieRenderPipeline/Content/Materials/MoviePipeline_StencilCutout.uexp" 296
"../../../Engine/Plugins/Interchange/Assets/Content/Functions/MX_UsdPreviewSurface.uasset" 297
"../../../Engine/Plugins/Interchange/Assets/Content/Functions/MX_UsdPreviewSurface.uexp" 298
"../../../Engine/Plugins/Interchange/Assets/Content/Functions/MX_UniformEDF.uasset" 299
"../../../Engine/Plugins/Interchange/Assets/Content/Functions/MX_UniformEDF.uexp" 300
"../../../Engine/Plugins/Interchange/Assets/Content/Functions/MX_TranslucentBSDF.uasset" 301
"../../../Engine/Plugins/Interchange/Assets/Content/Functions/MX_TranslucentBSDF.uexp" 302
"../../../Engine/Plugins/Interchange/Assets/Content/Functions/MX_ThinFilmBSDF.uasset" 303
"../../../Engine/Plugins/Interchange/Assets/Content/Functions/MX_ThinFilmBSDF.uexp" 304
"../../../Engine/Plugins/Interchange/Assets/Content/Functions/MX_SurfaceUnlit.uasset" 305
"../../../Engine/Plugins/Interchange/Assets/Content/Functions/MX_SurfaceUnlit.uexp" 306
"../../../Engine/Plugins/Interchange/Assets/Content/Functions/MX_Surface.uasset" 307
"../../../Engine/Plugins/Interchange/Assets/Content/Functions/MX_Surface.uexp" 308
"../../../Engine/Plugins/Interchange/Assets/Content/Functions/MX_SubsurfaceBSDF.uasset" 309
"../../../Engine/Plugins/Interchange/Assets/Content/Functions/MX_SubsurfaceBSDF.uexp" 310
"../../../Engine/Plugins/Interchange/Assets/Content/Functions/MX_SheenBSDF.uasset" 311
"../../../Engine/Plugins/Interchange/Assets/Content/Functions/MX_SheenBSDF.uexp" 312
"../../../Engine/Plugins/Interchange/Assets/Content/Functions/MX_OrenNayarBSDF.uasset" 313
"../../../Engine/Plugins/Interchange/Assets/Content/Functions/MX_OrenNayarBSDF.uexp" 314
"../../../Engine/Plugins/Interchange/Assets/Content/Utilities/New_LUT.uasset" 315
"../../../Engine/Plugins/Interchange/Assets/Content/Utilities/New_LUT.uexp" 316
"../../../Engine/Content/Functions/Engine_MaterialFunctions03/Math/RemapValueRange.uasset" 317
"../../../Engine/Content/Functions/Engine_MaterialFunctions03/Math/RemapValueRange.uexp" 318
"../../../Engine/Plugins/Interchange/Assets/Content/Functions/MF_Iridescence.uasset" 319
"../../../Engine/Plugins/Interchange/Assets/Content/Functions/MF_Iridescence.uexp" 320
"../../../Engine/Plugins/Interchange/Assets/Content/Functions/MX_StandardSurface.uasset" 321
"../../../Engine/Plugins/Interchange/Assets/Content/Functions/MX_StandardSurface.uexp" 322
"../../../Engine/Plugins/Interchange/Assets/Content/Functions/MX_TransmissionSurface.uasset" 323
"../../../Engine/Plugins/Interchange/Assets/Content/Functions/MX_TransmissionSurface.uexp" 324
"../../../Engine/Plugins/Interchange/Assets/Content/Functions/MX_OpenPBR_Translucent.uasset" 325
"../../../Engine/Plugins/Interchange/Assets/Content/Functions/MX_OpenPBR_Translucent.uexp" 326
"../../../Engine/Plugins/Interchange/Assets/Content/Functions/MX_OpenPBR_Opaque.uasset" 327
"../../../Engine/Plugins/Interchange/Assets/Content/Functions/MX_OpenPBR_Opaque.uexp" 328
"../../../Engine/Plugins/Interchange/Assets/Content/Functions/MX_MeasuredEDF.uasset" 329
"../../../Engine/Plugins/Interchange/Assets/Content/Functions/MX_MeasuredEDF.uexp" 330
"../../../Engine/Plugins/Interchange/Assets/Content/Functions/MX_GeneralizedSchlickBSDF.uasset" 331
"../../../Engine/Plugins/Interchange/Assets/Content/Functions/MX_GeneralizedSchlickBSDF.uexp" 332
"../../../Engine/Plugins/Interchange/Assets/Content/Functions/MX_DielectricBSDF.uasset" 333
"../../../Engine/Plugins/Interchange/Assets/Content/Functions/MX_DielectricBSDF.uexp" 334
"../../../Engine/Plugins/Interchange/Assets/Content/Functions/MX_ConicalEDF.uasset" 335
"../../../Engine/Plugins/Interchange/Assets/Content/Functions/MX_ConicalEDF.uexp" 336
"../../../Engine/Plugins/Interchange/Assets/Content/Functions/MX_ConductorBSDF.uasset" 337
"../../../Engine/Plugins/Interchange/Assets/Content/Functions/MX_ConductorBSDF.uexp" 338
"../../../Engine/Plugins/Interchange/Assets/Content/Functions/MX_BurleyDiffuseBSDF.uasset" 339
"../../../Engine/Plugins/Interchange/Assets/Content/Functions/MX_BurleyDiffuseBSDF.uexp" 340
"../../../Engine/Plugins/Interchange/Assets/Content/Functions/MX_AnisotropicVDF.uasset" 341
"../../../Engine/Plugins/Interchange/Assets/Content/Functions/MX_AnisotropicVDF.uexp" 342
"../../../Engine/Plugins/Interchange/Assets/Content/Functions/MX_AbsorptionVDF.uasset" 343
"../../../Engine/Plugins/Interchange/Assets/Content/Functions/MX_AbsorptionVDF.uexp" 344
"../../../Engine/Content/Functions/Engine_MaterialFunctions01/Shading/PowerToRoughness.uasset" 345
"../../../Engine/Content/Functions/Engine_MaterialFunctions01/Shading/PowerToRoughness.uexp" 346
"../../../Engine/Content/Functions/Engine_MaterialFunctions01/Shading/ConvertFromDiffSpec.uasset" 347
"../../../Engine/Content/Functions/Engine_MaterialFunctions01/Shading/ConvertFromDiffSpec.uexp" 348
"../../../Engine/Content/EngineResources/FilmGrains/Marcie_Grain_v3_128_M2_000.uasset" 349
"../../../Engine/Content/EngineResources/FilmGrains/Marcie_Grain_v3_128_M2_000.uexp" 350
"../../../Engine/Content/EngineMaterials/Substrate/Volume/SubstrateSimpleVolumeLUT3D.uasset" 351
"../../../Engine/Content/EngineMaterials/Substrate/Volume/SubstrateSimpleVolumeLUT3D.uexp" 352
"../../../Engine/Content/EngineMaterials/Substrate/Volume/SubstrateSimpleVolumeEnvLUT3D.uasset" 353
"../../../Engine/Content/EngineMaterials/Substrate/Volume/SubstrateSimpleVolumeEnvLUT3D.uexp" 354
"../../../Engine/Content/EngineMaterials/LTC/Sheen_LTC.uasset" 355
"../../../Engine/Content/EngineMaterials/LTC/Sheen_LTC.uexp" 356
"../../../Engine/Content/EngineMaterials/LTC/GGX_LTCMat.uasset" 357
"../../../Engine/Content/EngineMaterials/LTC/GGX_LTCMat.uexp" 358
"../../../Engine/Content/EngineMaterials/LTC/GGX_LTCAmp.uasset" 359
"../../../Engine/Content/EngineMaterials/LTC/GGX_LTCAmp.uexp" 360
"../../../Engine/Content/EngineMaterials/EnergyConservation/Sheen_Energy.uasset" 361
"../../../Engine/Content/EngineMaterials/EnergyConservation/Sheen_Energy.uexp" 362
"../../../Engine/Content/EngineMaterials/EnergyConservation/SheenLegacy_Energy.uasset" 363
"../../../Engine/Content/EngineMaterials/EnergyConservation/SheenLegacy_Energy.uexp" 364
"../../../Engine/Content/EngineMaterials/EnergyConservation/GGX_TransmissionEnergyArray.uasset" 365
"../../../Engine/Content/EngineMaterials/EnergyConservation/GGX_TransmissionEnergyArray.uexp" 366
"../../../Engine/Content/EngineMaterials/EnergyConservation/GGX_ReflectionEnergy.uasset" 367
"../../../Engine/Content/EngineMaterials/EnergyConservation/GGX_ReflectionEnergy.uexp" 368
"../../../Engine/Content/EngineMaterials/EnergyConservation/Diffuse_Energy.uasset" 369
"../../../Engine/Content/EngineMaterials/EnergyConservation/Diffuse_Energy.uexp" 370
"../../../Engine/Content/EditorResources/SequenceRecorder/RecordingIndicator.uasset" 371
"../../../Engine/Content/EditorResources/SequenceRecorder/RecordingIndicator.uexp" 372
"../../../Engine/Content/EditorResources/SequenceRecorder/Countdown.uasset" 373
"../../../Engine/Content/EditorResources/SequenceRecorder/Countdown.uexp" 374
"../../../Engine/Content/EditorMaterials/ParticleSystems/PSysThumbnail_OOD.ubulk" 375
"../../../Engine/Content/EditorMaterials/ParticleSystems/PSysThumbnail_OOD.uasset" 376
"../../../Engine/Content/EditorMaterials/ParticleSystems/PSysThumbnail_OOD.uexp" 377
"../../../Engine/Content/EditorMaterials/ParticleSystems/PSysThumbnail_NoImage.ubulk" 378
"../../../Engine/Content/EditorMaterials/ParticleSystems/PSysThumbnail_NoImage.uasset" 379
"../../../Engine/Content/EditorMaterials/ParticleSystems/PSysThumbnail_NoImage.uexp" 380
"../../../Engine/Content/EditorMaterials/Dataflow/DataflowVertexMaterial.uasset" 381
"../../../Engine/Content/EditorMaterials/Dataflow/DataflowVertexMaterial.uexp" 382
"../../../Engine/Content/EditorMaterials/Dataflow/DataflowTwoSidedVertexMaterial.uasset" 383
"../../../Engine/Content/EditorMaterials/Dataflow/DataflowTwoSidedVertexMaterial.uexp" 384
"../../../Engine/Content/Functions/Engine_MaterialFunctions02/Math/Transform3x3Matrix.uasset" 385
"../../../Engine/Content/Functions/Engine_MaterialFunctions02/Math/Transform3x3Matrix.uexp" 386
"D:/FinalyearProject/FinalYearProject/Content/TokyoStylizedEnvironment/Textures/T_TileStack_Base1.ubulk" 387
"D:/FinalyearProject/FinalYearProject/Content/TokyoStylizedEnvironment/Textures/T_TileStack_Base1.uasset" 388
"D:/FinalyearProject/FinalYearProject/Content/TokyoStylizedEnvironment/Textures/T_TileStack_Base1.uexp" 389
"D:/FinalyearProject/FinalYearProject/Content/TokyoStylizedEnvironment/Textures/T_TileStack_Normal.ubulk" 390
"D:/FinalyearProject/FinalYearProject/Content/TokyoStylizedEnvironment/Textures/T_TileStack_Normal.uasset" 391
"D:/FinalyearProject/FinalYearProject/Content/TokyoStylizedEnvironment/Textures/T_TileStack_Normal.uexp" 392
"../../../Engine/Content/Functions/Engine_MaterialFunctions01/Gradient/LinearGradient.uasset" 393
"../../../Engine/Content/Functions/Engine_MaterialFunctions01/Gradient/LinearGradient.uexp" 394
"../../../Engine/Content/Functions/Engine_MaterialFunctions01/ImageAdjustment/CheapContrast.uasset" 395
"../../../Engine/Content/Functions/Engine_MaterialFunctions01/ImageAdjustment/CheapContrast.uexp" 396
"../../../Engine/Content/EngineMaterials/DefaultNormal_Uncompressed.ubulk" 397
"../../../Engine/Content/EngineMaterials/DefaultNormal_Uncompressed.uasset" 398
"../../../Engine/Content/EngineMaterials/DefaultNormal_Uncompressed.uexp" 399
"../../../Engine/Content/Functions/Engine_MaterialFunctions02/Math/CreateThirdOrthogonalVector.uasset" 400
"../../../Engine/Content/Functions/Engine_MaterialFunctions02/Math/CreateThirdOrthogonalVector.uexp" 401
"../../../Engine/Content/Functions/Engine_MaterialFunctions02/WorldAlignedNormals_HighQuality.uasset" 402
"../../../Engine/Content/Functions/Engine_MaterialFunctions02/WorldAlignedNormals_HighQuality.uexp" 403
"../../../Engine/Content/Functions/Engine_MaterialFunctions01/Texturing/WorldAlignedNormal.uasset" 404
"../../../Engine/Content/Functions/Engine_MaterialFunctions01/Texturing/WorldAlignedNormal.uexp" 405
"../../../Engine/Content/Functions/Engine_MaterialFunctions01/Texturing/WorldAlignedTexture.uasset" 406
"../../../Engine/Content/Functions/Engine_MaterialFunctions01/Texturing/WorldAlignedTexture.uexp" 407
"D:/FinalyearProject/FinalYearProject/Content/TokyoStylizedEnvironment/Textures/WorldAligned/WorldAlignedTextureTiles.uasset" 408
"D:/FinalyearProject/FinalYearProject/Content/TokyoStylizedEnvironment/Textures/WorldAligned/WorldAlignedTextureTiles.uexp" 409
"D:/FinalyearProject/FinalYearProject/Content/TokyoStylizedEnvironment/Textures/T_RoadAsphalt_Base.ubulk" 410
"D:/FinalyearProject/FinalYearProject/Content/TokyoStylizedEnvironment/Textures/T_RoadAsphalt_Base.uasset" 411
"D:/FinalyearProject/FinalYearProject/Content/TokyoStylizedEnvironment/Textures/T_RoadAsphalt_Base.uexp" 412
"D:/FinalyearProject/FinalYearProject/Content/TokyoStylizedEnvironment/Textures/T_RoadAsphalt_Normal.ubulk" 413
"D:/FinalyearProject/FinalYearProject/Content/TokyoStylizedEnvironment/Textures/T_RoadAsphalt_Normal.uasset" 414
"D:/FinalyearProject/FinalYearProject/Content/TokyoStylizedEnvironment/Textures/T_RoadAsphalt_Normal.uexp" 415
"D:/FinalyearProject/FinalYearProject/Content/TokyoStylizedEnvironment/Textures/WorldAligned/WorldAlignedTextureRoad.uasset" 416
"D:/FinalyearProject/FinalYearProject/Content/TokyoStylizedEnvironment/Textures/WorldAligned/WorldAlignedTextureRoad.uexp" 417
"D:/FinalyearProject/FinalYearProject/Content/TokyoStylizedEnvironment/Textures/T_Grass_Base.ubulk" 418
"D:/FinalyearProject/FinalYearProject/Content/TokyoStylizedEnvironment/Textures/T_Grass_Base.uasset" 419
"D:/FinalyearProject/FinalYearProject/Content/TokyoStylizedEnvironment/Textures/T_Grass_Base.uexp" 420
"D:/FinalyearProject/FinalYearProject/Content/TokyoStylizedEnvironment/Textures/WorldAligned/WorldAlignedTextureGrass.uasset" 421
"D:/FinalyearProject/FinalYearProject/Content/TokyoStylizedEnvironment/Textures/WorldAligned/WorldAlignedTextureGrass.uexp" 422
"D:/FinalyearProject/FinalYearProject/Content/TokyoStylizedEnvironment/Textures/T_RoadAsphalt_Base1.ubulk" 423
"D:/FinalyearProject/FinalYearProject/Content/TokyoStylizedEnvironment/Textures/T_RoadAsphalt_Base1.uasset" 424
"D:/FinalyearProject/FinalYearProject/Content/TokyoStylizedEnvironment/Textures/T_RoadAsphalt_Base1.uexp" 425
"D:/FinalyearProject/FinalYearProject/Content/TokyoStylizedEnvironment/Textures/WorldAligned/WorldAlignedTextureCurb.uasset" 426
"D:/FinalyearProject/FinalYearProject/Content/TokyoStylizedEnvironment/Textures/WorldAligned/WorldAlignedTextureCurb.uexp" 427
"D:/FinalyearProject/FinalYearProject/Content/BPs/BP_PC.uasset" 428
"D:/FinalyearProject/FinalYearProject/Content/BPs/BP_PC.uexp" 429
"D:/FinalyearProject/FinalYearProject/Content/BPs/Pause.uasset" 430
"D:/FinalyearProject/FinalYearProject/Content/BPs/Pause.uexp" 431
"D:/FinalyearProject/FinalYearProject/Content/BPs/BP_Char.uasset" 432
"D:/FinalyearProject/FinalYearProject/Content/BPs/BP_Char.uexp" 433
"D:/FinalyearProject/FinalYearProject/Content/BPs/BP_GM.uasset" 434
"D:/FinalyearProject/FinalYearProject/Content/BPs/BP_GM.uexp" 435
"../../../Engine/Content/EngineMaterials/Substrate/GLints/AGlintTex2dArray.uasset" 436
"../../../Engine/Content/EngineMaterials/Substrate/GLints/AGlintTex2dArray.uexp" 437
"../../../Engine/Content/EngineMaterials/Substrate/GLints2/AGlintTex2dArray2.uasset" 438
"../../../Engine/Content/EngineMaterials/Substrate/GLints2/AGlintTex2dArray2.uexp" 439
"../../../Engine/Plugins/Interchange/Assets/Content/gltf/Textures/T_White_srgb.uasset" 440
"../../../Engine/Plugins/Interchange/Assets/Content/gltf/Textures/T_White_srgb.uexp" 441
"../../../Engine/Plugins/Interchange/Assets/Content/gltf/MaterialFunctions/MF_Specular.uasset" 442
"../../../Engine/Plugins/Interchange/Assets/Content/gltf/MaterialFunctions/MF_Specular.uexp" 443
"../../../Engine/Plugins/Interchange/Assets/Content/gltf/Textures/T_Anisotropy_Direction_Linear.uasset" 444
"../../../Engine/Plugins/Interchange/Assets/Content/gltf/Textures/T_Anisotropy_Direction_Linear.uexp" 445
"../../../Engine/Plugins/Interchange/Assets/Content/gltf/MaterialFunctions/MF_SpecularAnisotropy.uasset" 446
"../../../Engine/Plugins/Interchange/Assets/Content/gltf/MaterialFunctions/MF_SpecularAnisotropy.uexp" 447
"../../../Engine/Plugins/Interchange/Assets/Content/gltf/Textures/T_White_Linear.uasset" 448
"../../../Engine/Plugins/Interchange/Assets/Content/gltf/Textures/T_White_Linear.uexp" 449
"../../../Engine/Plugins/Interchange/Assets/Content/gltf/MaterialFunctions/MF_MetallicRoughness.uasset" 450
"../../../Engine/Plugins/Interchange/Assets/Content/gltf/MaterialFunctions/MF_MetallicRoughness.uexp" 451
"../../../Engine/Plugins/Interchange/Assets/Content/gltf/Textures/T_Generic_N.uasset" 452
"../../../Engine/Plugins/Interchange/Assets/Content/gltf/Textures/T_Generic_N.uexp" 453
"../../../Engine/Plugins/Interchange/Assets/Content/gltf/MaterialFunctions/MF_ScaleNormal.uasset" 454
"../../../Engine/Plugins/Interchange/Assets/Content/gltf/MaterialFunctions/MF_ScaleNormal.uexp" 455
"../../../Engine/Plugins/Interchange/Assets/Content/gltf/MaterialFunctions/MF_BaseColor.uasset" 456
"../../../Engine/Plugins/Interchange/Assets/Content/gltf/MaterialFunctions/MF_BaseColor.uexp" 457
"../../../Engine/Plugins/Interchange/Assets/Content/gltf/MaterialFunctions/MF_Iridescence.uasset" 458
"../../../Engine/Plugins/Interchange/Assets/Content/gltf/MaterialFunctions/MF_Iridescence.uexp" 459
"../../../Engine/Plugins/Interchange/Assets/Content/gltf/MaterialFunctions/MF_Occlusion.uasset" 460
"../../../Engine/Plugins/Interchange/Assets/Content/gltf/MaterialFunctions/MF_Occlusion.uexp" 461
"../../../Engine/Plugins/Interchange/Assets/Content/gltf/MaterialFunctions/MF_IOR.uasset" 462
"../../../Engine/Plugins/Interchange/Assets/Content/gltf/MaterialFunctions/MF_IOR.uexp" 463
"../../../Engine/Plugins/Interchange/Assets/Content/gltf/MaterialFunctions/MF_RotateV2.uasset" 464
"../../../Engine/Plugins/Interchange/Assets/Content/gltf/MaterialFunctions/MF_RotateV2.uexp" 465
"../../../Engine/Plugins/Interchange/Assets/Content/gltf/MaterialFunctions/MF_TransformUVs.uasset" 466
"../../../Engine/Plugins/Interchange/Assets/Content/gltf/MaterialFunctions/MF_TransformUVs.uexp" 467
"../../../Engine/Plugins/Interchange/Assets/Content/gltf/MaterialFunctions/MF_Emissive.uasset" 468
"../../../Engine/Plugins/Interchange/Assets/Content/gltf/MaterialFunctions/MF_Emissive.uexp" 469
"../../../Engine/Plugins/Interchange/Assets/Content/gltf/MaterialFunctions/MF_RotateNormals_TS.uasset" 470
"../../../Engine/Plugins/Interchange/Assets/Content/gltf/MaterialFunctions/MF_RotateNormals_TS.uexp" 471
"../../../Engine/Plugins/Interchange/Assets/Content/gltf/MaterialFunctions/MF_Normals.uasset" 472
"../../../Engine/Plugins/Interchange/Assets/Content/gltf/MaterialFunctions/MF_Normals.uexp" 473
"../../../Engine/Content/Functions/Engine_MaterialFunctions01/Texturing/FlattenNormal.uasset" 474
"../../../Engine/Content/Functions/Engine_MaterialFunctions01/Texturing/FlattenNormal.uexp" 475
"../../../Engine/Plugins/Interchange/Assets/Content/gltf/MaterialFunctions/MF_Clearcoat.uasset" 476
"../../../Engine/Plugins/Interchange/Assets/Content/gltf/MaterialFunctions/MF_Clearcoat.uexp" 477
"../../../Engine/Plugins/Interchange/Assets/Content/gltf/MaterialBodies/MF_ClearCoat_Body.uasset" 478
"../../../Engine/Plugins/Interchange/Assets/Content/gltf/MaterialBodies/MF_ClearCoat_Body.uexp" 479
"../../../Engine/Plugins/Interchange/Assets/Content/gltf/M_ClearCoat.uasset" 480
"../../../Engine/Plugins/Interchange/Assets/Content/gltf/M_ClearCoat.uexp" 481
"../../../Engine/Plugins/Interchange/Assets/Content/gltf/MaterialInstances/MI_ClearCoat_Blend.uasset" 482
"../../../Engine/Plugins/Interchange/Assets/Content/gltf/MaterialInstances/MI_ClearCoat_Blend.uexp" 483
"../../../Engine/Plugins/Interchange/Assets/Content/gltf/MaterialInstances/MI_ClearCoat_Blend_DS.uasset" 484
"../../../Engine/Plugins/Interchange/Assets/Content/gltf/MaterialInstances/MI_ClearCoat_Blend_DS.uexp" 485
"../../../Engine/Plugins/Interchange/Assets/Content/gltf/MaterialInstances/MI_ClearCoat_Mask.uasset" 486
"../../../Engine/Plugins/Interchange/Assets/Content/gltf/MaterialInstances/MI_ClearCoat_Mask.uexp" 487
"../../../Engine/Plugins/Interchange/Assets/Content/gltf/MaterialInstances/MI_ClearCoat_Mask_DS.uasset" 488
"../../../Engine/Plugins/Interchange/Assets/Content/gltf/MaterialInstances/MI_ClearCoat_Mask_DS.uexp" 489
"../../../Engine/Plugins/Interchange/Assets/Content/gltf/MaterialInstances/MI_ClearCoat_Opaque.uasset" 490
"../../../Engine/Plugins/Interchange/Assets/Content/gltf/MaterialInstances/MI_ClearCoat_Opaque.uexp" 491
"../../../Engine/Plugins/Interchange/Assets/Content/gltf/MaterialInstances/MI_ClearCoat_Opaque_DS.uasset" 492
"../../../Engine/Plugins/Interchange/Assets/Content/gltf/MaterialInstances/MI_ClearCoat_Opaque_DS.uexp" 493
"../../../Engine/Plugins/Interchange/Assets/Content/gltf/MaterialBodies/MF_Default_Body.uasset" 494
"../../../Engine/Plugins/Interchange/Assets/Content/gltf/MaterialBodies/MF_Default_Body.uexp" 495
"../../../Engine/Plugins/Interchange/Assets/Content/gltf/M_Default.uasset" 496
"../../../Engine/Plugins/Interchange/Assets/Content/gltf/M_Default.uexp" 497
"../../../Engine/Plugins/Interchange/Assets/Content/gltf/MaterialInstances/MI_Default_Blend.uasset" 498
"../../../Engine/Plugins/Interchange/Assets/Content/gltf/MaterialInstances/MI_Default_Blend.uexp" 499
"../../../Engine/Plugins/Interchange/Assets/Content/gltf/MaterialInstances/MI_Default_Blend_DS.uasset" 500
"../../../Engine/Plugins/Interchange/Assets/Content/gltf/MaterialInstances/MI_Default_Blend_DS.uexp" 501
"../../../Engine/Plugins/Interchange/Assets/Content/gltf/MaterialInstances/MI_Default_Mask.uasset" 502
"../../../Engine/Plugins/Interchange/Assets/Content/gltf/MaterialInstances/MI_Default_Mask.uexp" 503
"../../../Engine/Plugins/Interchange/Assets/Content/gltf/MaterialInstances/MI_Default_Mask_DS.uasset" 504
"../../../Engine/Plugins/Interchange/Assets/Content/gltf/MaterialInstances/MI_Default_Mask_DS.uexp" 505
"../../../Engine/Plugins/Interchange/Assets/Content/gltf/MaterialInstances/MI_Default_Opaque.uasset" 506
"../../../Engine/Plugins/Interchange/Assets/Content/gltf/MaterialInstances/MI_Default_Opaque.uexp" 507
"../../../Engine/Plugins/Interchange/Assets/Content/gltf/MaterialInstances/MI_Default_Opaque_DS.uasset" 508
"../../../Engine/Plugins/Interchange/Assets/Content/gltf/MaterialInstances/MI_Default_Opaque_DS.uexp" 509
"../../../Engine/Plugins/Interchange/Assets/Content/gltf/MaterialFunctions/MF_Sheen.uasset" 510
"../../../Engine/Plugins/Interchange/Assets/Content/gltf/MaterialFunctions/MF_Sheen.uexp" 511
"../../../Engine/Plugins/Interchange/Assets/Content/gltf/MaterialBodies/MF_Sheen_Body.uasset" 512
"../../../Engine/Plugins/Interchange/Assets/Content/gltf/MaterialBodies/MF_Sheen_Body.uexp" 513
"../../../Engine/Plugins/Interchange/Assets/Content/gltf/M_Sheen.uasset" 514
"../../../Engine/Plugins/Interchange/Assets/Content/gltf/M_Sheen.uexp" 515
"../../../Engine/Plugins/Interchange/Assets/Content/gltf/MaterialInstances/MI_Sheen_Blend.uasset" 516
"../../../Engine/Plugins/Interchange/Assets/Content/gltf/MaterialInstances/MI_Sheen_Blend.uexp" 517
"../../../Engine/Plugins/Interchange/Assets/Content/gltf/MaterialInstances/MI_Sheen_Blend_DS.uasset" 518
"../../../Engine/Plugins/Interchange/Assets/Content/gltf/MaterialInstances/MI_Sheen_Blend_DS.uexp" 519
"../../../Engine/Plugins/Interchange/Assets/Content/gltf/MaterialInstances/MI_Sheen_Mask.uasset" 520
"../../../Engine/Plugins/Interchange/Assets/Content/gltf/MaterialInstances/MI_Sheen_Mask.uexp" 521
"../../../Engine/Plugins/Interchange/Assets/Content/gltf/MaterialInstances/MI_Sheen_Mask_DS.uasset" 522
"../../../Engine/Plugins/Interchange/Assets/Content/gltf/MaterialInstances/MI_Sheen_Mask_DS.uexp" 523
"../../../Engine/Plugins/Interchange/Assets/Content/gltf/MaterialInstances/MI_Sheen_Opaque.uasset" 524
"../../../Engine/Plugins/Interchange/Assets/Content/gltf/MaterialInstances/MI_Sheen_Opaque.uexp" 525
"../../../Engine/Plugins/Interchange/Assets/Content/gltf/MaterialInstances/MI_Sheen_Opaque_DS.uasset" 526
"../../../Engine/Plugins/Interchange/Assets/Content/gltf/MaterialInstances/MI_Sheen_Opaque_DS.uexp" 527
"../../../Engine/Content/Functions/Engine_MaterialFunctions02/Math/AddComponents.uasset" 528
"../../../Engine/Content/Functions/Engine_MaterialFunctions02/Math/AddComponents.uexp" 529
"../../../Engine/Plugins/Interchange/Assets/Content/gltf/MaterialFunctions/MF_DiffuseSpecGloss.uasset" 530
"../../../Engine/Plugins/Interchange/Assets/Content/gltf/MaterialFunctions/MF_DiffuseSpecGloss.uexp" 531
"../../../Engine/Plugins/Interchange/Assets/Content/gltf/MaterialFunctions/MF_PerceivedBrightness.uasset" 532
"../../../Engine/Plugins/Interchange/Assets/Content/gltf/MaterialFunctions/MF_PerceivedBrightness.uexp" 533
"../../../Engine/Plugins/Interchange/Assets/Content/gltf/MaterialFunctions/MF_SpecGlossToMetalRoughness.uasset" 534
"../../../Engine/Plugins/Interchange/Assets/Content/gltf/MaterialFunctions/MF_SpecGlossToMetalRoughness.uexp" 535
"../../../Engine/Plugins/Interchange/Assets/Content/gltf/MaterialFunctions/MF_MaxComponentValue.uasset" 536
"../../../Engine/Plugins/Interchange/Assets/Content/gltf/MaterialFunctions/MF_MaxComponentValue.uexp" 537
"../../../Engine/Plugins/Interchange/Assets/Content/gltf/MaterialBodies/MF_SpecularGlossiness_Body.uasset" 538
"../../../Engine/Plugins/Interchange/Assets/Content/gltf/MaterialBodies/MF_SpecularGlossiness_Body.uexp" 539
"../../../Engine/Plugins/Interchange/Assets/Content/gltf/M_SpecularGlossiness.uasset" 540
"../../../Engine/Plugins/Interchange/Assets/Content/gltf/M_SpecularGlossiness.uexp" 541
"../../../Engine/Plugins/Interchange/Assets/Content/gltf/MaterialInstances/MI_SpecularGlossiness_Blend.uasset" 542
"../../../Engine/Plugins/Interchange/Assets/Content/gltf/MaterialInstances/MI_SpecularGlossiness_Blend.uexp" 543
"../../../Engine/Plugins/Interchange/Assets/Content/gltf/MaterialInstances/MI_SpecularGlossiness_Blend_DS.uasset" 544
"../../../Engine/Plugins/Interchange/Assets/Content/gltf/MaterialInstances/MI_SpecularGlossiness_Blend_DS.uexp" 545
"../../../Engine/Plugins/Interchange/Assets/Content/gltf/MaterialInstances/MI_SpecularGlossiness_Mask.uasset" 546
"../../../Engine/Plugins/Interchange/Assets/Content/gltf/MaterialInstances/MI_SpecularGlossiness_Mask.uexp" 547
"../../../Engine/Plugins/Interchange/Assets/Content/gltf/MaterialInstances/MI_SpecularGlossiness_Mask_DS.uasset" 548
"../../../Engine/Plugins/Interchange/Assets/Content/gltf/MaterialInstances/MI_SpecularGlossiness_Mask_DS.uexp" 549
"../../../Engine/Plugins/Interchange/Assets/Content/gltf/MaterialInstances/MI_SpecularGlossiness_Opaque.uasset" 550
"../../../Engine/Plugins/Interchange/Assets/Content/gltf/MaterialInstances/MI_SpecularGlossiness_Opaque.uexp" 551
"../../../Engine/Plugins/Interchange/Assets/Content/gltf/MaterialInstances/MI_SpecularGlossiness_Opaque_DS.uasset" 552
"../../../Engine/Plugins/Interchange/Assets/Content/gltf/MaterialInstances/MI_SpecularGlossiness_Opaque_DS.uexp" 553
"../../../Engine/Content/EngineMaterials/Good64x64TilingNoiseHighFreq.uasset" 554
"../../../Engine/Content/EngineMaterials/Good64x64TilingNoiseHighFreq.uexp" 555
"../../../Engine/Content/Functions/Engine_MaterialFunctions02/Texturing/ScreenAlignedPixelToPixelUVs.uasset" 556
"../../../Engine/Content/Functions/Engine_MaterialFunctions02/Texturing/ScreenAlignedPixelToPixelUVs.uexp" 557
"../../../Engine/Plugins/Interchange/Assets/Content/gltf/MaterialFunctions/MF_Temporal_Blur.uasset" 558
"../../../Engine/Plugins/Interchange/Assets/Content/gltf/MaterialFunctions/MF_Temporal_Blur.uexp" 559
"../../../Engine/Plugins/Interchange/Assets/Content/gltf/MaterialFunctions/MF_Fresnel_DS.uasset" 560
"../../../Engine/Plugins/Interchange/Assets/Content/gltf/MaterialFunctions/MF_Fresnel_DS.uexp" 561
"../../../Engine/Plugins/Interchange/Assets/Content/gltf/MaterialFunctions/MF_Transmission.uasset" 562
"../../../Engine/Plugins/Interchange/Assets/Content/gltf/MaterialFunctions/MF_Transmission.uexp" 563
"../../../Engine/Plugins/Interchange/Assets/Content/gltf/MaterialBodies/MF_Transmission_Body.uasset" 564
"../../../Engine/Plugins/Interchange/Assets/Content/gltf/MaterialBodies/MF_Transmission_Body.uexp" 565
"../../../Engine/Plugins/Interchange/Assets/Content/gltf/M_Transmission.uasset" 566
"../../../Engine/Plugins/Interchange/Assets/Content/gltf/M_Transmission.uexp" 567
"../../../Engine/Plugins/Interchange/Assets/Content/gltf/MaterialInstances/MI_Transmission.uasset" 568
"../../../Engine/Plugins/Interchange/Assets/Content/gltf/MaterialInstances/MI_Transmission.uexp" 569
"../../../Engine/Plugins/Interchange/Assets/Content/gltf/MaterialInstances/MI_Transmission_DS.uasset" 570
"../../../Engine/Plugins/Interchange/Assets/Content/gltf/MaterialInstances/MI_Transmission_DS.uexp" 571
"../../../Engine/Plugins/Interchange/Assets/Content/gltf/MaterialBodies/MF_Unlit_Body.uasset" 572
"../../../Engine/Plugins/Interchange/Assets/Content/gltf/MaterialBodies/MF_Unlit_Body.uexp" 573
"../../../Engine/Plugins/Interchange/Assets/Content/gltf/M_Unlit.uasset" 574
"../../../Engine/Plugins/Interchange/Assets/Content/gltf/M_Unlit.uexp" 575
"../../../Engine/Plugins/Interchange/Assets/Content/gltf/MaterialInstances/MI_Unlit_Blend.uasset" 576
"../../../Engine/Plugins/Interchange/Assets/Content/gltf/MaterialInstances/MI_Unlit_Blend.uexp" 577
"../../../Engine/Plugins/Interchange/Assets/Content/gltf/MaterialInstances/MI_Unlit_Blend_DS.uasset" 578
"../../../Engine/Plugins/Interchange/Assets/Content/gltf/MaterialInstances/MI_Unlit_Blend_DS.uexp" 579
"../../../Engine/Plugins/Interchange/Assets/Content/gltf/MaterialInstances/MI_Unlit_Mask.uasset" 580
"../../../Engine/Plugins/Interchange/Assets/Content/gltf/MaterialInstances/MI_Unlit_Mask.uexp" 581
"../../../Engine/Plugins/Interchange/Assets/Content/gltf/MaterialInstances/MI_Unlit_Mask_DS.uasset" 582
"../../../Engine/Plugins/Interchange/Assets/Content/gltf/MaterialInstances/MI_Unlit_Mask_DS.uexp" 583
"../../../Engine/Plugins/Interchange/Assets/Content/gltf/MaterialInstances/MI_Unlit_Opaque.uasset" 584
"../../../Engine/Plugins/Interchange/Assets/Content/gltf/MaterialInstances/MI_Unlit_Opaque.uexp" 585
"../../../Engine/Plugins/Interchange/Assets/Content/gltf/MaterialInstances/MI_Unlit_Opaque_DS.uasset" 586
"../../../Engine/Plugins/Interchange/Assets/Content/gltf/MaterialInstances/MI_Unlit_Opaque_DS.uexp" 587
"../../../Engine/Content/Functions/Engine_MaterialFunctions02/Texturing/CustomRotator.uasset" 588
"../../../Engine/Content/Functions/Engine_MaterialFunctions02/Texturing/CustomRotator.uexp" 589
"../../../Engine/Content/Functions/Engine_MaterialFunctions01/Texturing/ScaleUVsByCenter.uasset" 590
"../../../Engine/Content/Functions/Engine_MaterialFunctions01/Texturing/ScaleUVsByCenter.uexp" 591
"../../../Engine/Content/Functions/Engine_MaterialFunctions01/Gradient/GeneratedRoundRect.uasset" 592
"../../../Engine/Content/Functions/Engine_MaterialFunctions01/Gradient/GeneratedRoundRect.uexp" 593
"../../../Engine/Content/Functions/Engine_MaterialFunctions01/Gradient/SphereGradient-2D.uasset" 594
"../../../Engine/Content/Functions/Engine_MaterialFunctions01/Gradient/SphereGradient-2D.uexp" 595
"../../../Engine/Plugins/Runtime/AudioWidgets/Content/AudioMaterialSlate/Functions/MF_DotOutlined.uasset" 596
"../../../Engine/Plugins/Runtime/AudioWidgets/Content/AudioMaterialSlate/Functions/MF_DotOutlined.uexp" 597
"../../../Engine/Plugins/Runtime/AudioWidgets/Content/AudioMaterialSlate/M_AudioMaterialEnvelope_ADSR.uasset" 598
"../../../Engine/Plugins/Runtime/AudioWidgets/Content/AudioMaterialSlate/M_AudioMaterialEnvelope_ADSR.uexp" 599
"../../../Engine/Plugins/Runtime/AudioWidgets/Content/AudioMaterialSlate/MI_AudioMaterialEnvelope_ADSR.uasset" 600
"../../../Engine/Plugins/Runtime/AudioWidgets/Content/AudioMaterialSlate/MI_AudioMaterialEnvelope_ADSR.uexp" 601
"../../../Engine/Plugins/Runtime/AudioWidgets/Content/AudioMaterialSlate/Functions/MF_SingleLine_Smooth.uasset" 602
"../../../Engine/Plugins/Runtime/AudioWidgets/Content/AudioMaterialSlate/Functions/MF_SingleLine_Smooth.uexp" 603
"../../../Engine/Plugins/Runtime/AudioWidgets/Content/AudioMaterialSlate/Functions/MF_AngleGradient.uasset" 604
"../../../Engine/Plugins/Runtime/AudioWidgets/Content/AudioMaterialSlate/Functions/MF_AngleGradient.uexp" 605
"../../../Engine/Content/Functions/Engine_MaterialFunctions02/Lerp_3Color.uasset" 606
"../../../Engine/Content/Functions/Engine_MaterialFunctions02/Lerp_3Color.uexp" 607
"../../../Engine/Plugins/Runtime/AudioWidgets/Content/AudioMaterialSlate/M_AudioMaterialKnob.uasset" 608
"../../../Engine/Plugins/Runtime/AudioWidgets/Content/AudioMaterialSlate/M_AudioMaterialKnob.uexp" 609
"../../../Engine/Plugins/Runtime/AudioWidgets/Content/AudioMaterialSlate/MI_AudioMaterialKnob.uasset" 610
"../../../Engine/Plugins/Runtime/AudioWidgets/Content/AudioMaterialSlate/MI_AudioMaterialKnob.uexp" 611
"../../../Engine/Plugins/Runtime/AudioWidgets/Content/AudioMaterialSlate/Functions/MF_Lines.uasset" 612
"../../../Engine/Plugins/Runtime/AudioWidgets/Content/AudioMaterialSlate/Functions/MF_Lines.uexp" 613
"../../../Engine/Plugins/Runtime/AudioWidgets/Content/AudioMaterialSlate/M_AudioMaterialMeter.uasset" 614
"../../../Engine/Plugins/Runtime/AudioWidgets/Content/AudioMaterialSlate/M_AudioMaterialMeter.uexp" 615
"../../../Engine/Plugins/Runtime/AudioWidgets/Content/AudioMaterialSlate/MI_AudioMaterialMeter.uasset" 616
"../../../Engine/Plugins/Runtime/AudioWidgets/Content/AudioMaterialSlate/MI_AudioMaterialMeter.uexp" 617
"../../../Engine/Plugins/Runtime/AudioWidgets/Content/AudioMaterialSlate/M_AudioMaterialRoundedSlider.uasset" 618
"../../../Engine/Plugins/Runtime/AudioWidgets/Content/AudioMaterialSlate/M_AudioMaterialRoundedSlider.uexp" 619
"../../../Engine/Plugins/Runtime/AudioWidgets/Content/AudioMaterialSlate/MI_AudioMaterialRoundedSlider.uasset" 620
"../../../Engine/Plugins/Runtime/AudioWidgets/Content/AudioMaterialSlate/MI_AudioMaterialRoundedSlider.uexp" 621
"../../../Engine/Plugins/Runtime/AudioWidgets/Content/AudioMaterialSlate/Functions/MF_SingleLine.uasset" 622
"../../../Engine/Plugins/Runtime/AudioWidgets/Content/AudioMaterialSlate/Functions/MF_SingleLine.uexp" 623
"../../../Engine/Plugins/Runtime/AudioWidgets/Content/AudioMaterialSlate/M_AudioMaterialToggleButton.uasset" 624
"../../../Engine/Plugins/Runtime/AudioWidgets/Content/AudioMaterialSlate/M_AudioMaterialToggleButton.uexp" 625
"../../../Engine/Plugins/Runtime/AudioWidgets/Content/AudioMaterialSlate/MI_AudioMaterialToggleButton.uasset" 626
"../../../Engine/Plugins/Runtime/AudioWidgets/Content/AudioMaterialSlate/MI_AudioMaterialToggleButton.uexp" 627
"../../../Engine/Content/EngineMaterials/WeightMapPlaceholderTexture.uasset" 628
"../../../Engine/Content/EngineMaterials/WeightMapPlaceholderTexture.uexp" 629
"../../../Engine/Content/EngineMaterials/WeightMapArrayPlaceholderTexture.uasset" 630
"../../../Engine/Content/EngineMaterials/WeightMapArrayPlaceholderTexture.uexp" 631
"../../../Engine/Content/EngineResources/WhiteSquareTexture.uasset" 632
"../../../Engine/Content/EngineResources/WhiteSquareTexture.uexp" 633
"../../../Engine/Content/EngineMaterials/Widget3DPassThrough.uasset" 634
"../../../Engine/Content/EngineMaterials/Widget3DPassThrough.uexp" 635
"../../../Engine/Content/EngineMaterials/Widget3DPassThrough_Masked.uasset" 636
"../../../Engine/Content/EngineMaterials/Widget3DPassThrough_Masked.uexp" 637
"../../../Engine/Content/EngineMaterials/Widget3DPassThrough_Opaque.uasset" 638
"../../../Engine/Content/EngineMaterials/Widget3DPassThrough_Opaque.uexp" 639
"../../../Engine/Content/EngineMaterials/Widget3DPassThrough_Masked_OneSided.uasset" 640
"../../../Engine/Content/EngineMaterials/Widget3DPassThrough_Masked_OneSided.uexp" 641
"../../../Engine/Content/EngineMaterials/Widget3DPassThrough_Opaque_OneSided.uasset" 642
"../../../Engine/Content/EngineMaterials/Widget3DPassThrough_Opaque_OneSided.uexp" 643
"../../../Engine/Content/EngineMaterials/Widget3DPassThrough_Translucent.uasset" 644
"../../../Engine/Content/EngineMaterials/Widget3DPassThrough_Translucent.uexp" 645
"../../../Engine/Content/EngineMaterials/Widget3DPassThrough_Translucent_OneSided.uasset" 646
"../../../Engine/Content/EngineMaterials/Widget3DPassThrough_Translucent_OneSided.uexp" 647
"../../../Engine/Plugins/2D/Paper2D/Content/DefaultSpriteMaterial.uasset" 648
"../../../Engine/Plugins/2D/Paper2D/Content/DefaultSpriteMaterial.uexp" 649
"../../../Engine/Plugins/2D/Paper2D/Content/MaskedUnlitSpriteMaterial.uasset" 650
"../../../Engine/Plugins/2D/Paper2D/Content/MaskedUnlitSpriteMaterial.uexp" 651
"../../../Engine/Plugins/2D/Paper2D/Content/OpaqueUnlitSpriteMaterial.uasset" 652
"../../../Engine/Plugins/2D/Paper2D/Content/OpaqueUnlitSpriteMaterial.uexp" 653
"../../../Engine/Plugins/NNE/NNEDenoiser/Content/NNEDIM_ColorAlbedoNormal_Alpha.uasset" 654
"../../../Engine/Plugins/NNE/NNEDenoiser/Content/NNEDIM_ColorAlbedoNormal_Alpha.uexp" 655
"../../../Engine/Plugins/NNE/NNEDenoiser/Content/NNEDIM_ColorAlbedoNormal_Default.uasset" 656
"../../../Engine/Plugins/NNE/NNEDenoiser/Content/NNEDIM_ColorAlbedoNormal_Default.uexp" 657
"../../../Engine/Plugins/NNE/NNEDenoiser/Content/NNEDIM_HighQuality_Alpha.uasset" 658
"../../../Engine/Plugins/NNE/NNEDenoiser/Content/NNEDIM_HighQuality_Alpha.uexp" 659
"../../../Engine/Plugins/NNE/NNEDenoiser/Content/NNEDIM_HighQuality_Default.uasset" 660
"../../../Engine/Plugins/NNE/NNEDenoiser/Content/NNEDIM_HighQuality_Default.uexp" 661
"../../../Engine/Plugins/NNE/NNEDenoiser/Content/NNEDOM_Output_Alpha.uasset" 662
"../../../Engine/Plugins/NNE/NNEDenoiser/Content/NNEDOM_Output_Alpha.uexp" 663
"../../../Engine/Plugins/NNE/NNEDenoiser/Content/NNEDOM_Output_Default.uasset" 664
"../../../Engine/Plugins/NNE/NNEDenoiser/Content/NNEDOM_Output_Default.uexp" 665
"../../../Engine/Plugins/NNE/NNEDenoiser/Content/NNEDTIM_ColorAlbedoNormal_Alpha.uasset" 666
"../../../Engine/Plugins/NNE/NNEDenoiser/Content/NNEDTIM_ColorAlbedoNormal_Alpha.uexp" 667
"../../../Engine/Plugins/NNE/NNEDenoiser/Content/NNEDTIM_ColorAlbedoNormal_Default.uasset" 668
"../../../Engine/Plugins/NNE/NNEDenoiser/Content/NNEDTIM_ColorAlbedoNormal_Default.uexp" 669
"../../../Engine/Plugins/NNE/NNEDenoiser/Content/NNEDTOM_Output_Alpha.uasset" 670
"../../../Engine/Plugins/NNE/NNEDenoiser/Content/NNEDTOM_Output_Alpha.uexp" 671
"../../../Engine/Plugins/NNE/NNEDenoiser/Content/NNEDTOM_Output_Default.uasset" 672
"../../../Engine/Plugins/NNE/NNEDenoiser/Content/NNEDTOM_Output_Default.uexp" 673
"../../../Engine/Content/EngineMaterials/T_Default_Material_Grid_M.ubulk" 674
"../../../Engine/Content/EngineMaterials/T_Default_Material_Grid_M.uasset" 675
"../../../Engine/Content/EngineMaterials/T_Default_Material_Grid_M.uexp" 676
"../../../Engine/Content/EngineMaterials/T_Default_Material_Grid_N.ubulk" 677
"../../../Engine/Content/EngineMaterials/T_Default_Material_Grid_N.uasset" 678
"../../../Engine/Content/EngineMaterials/T_Default_Material_Grid_N.uexp" 679
"../../../Engine/Content/Functions/Engine_MaterialFunctions01/Opacity/CameraDepthFade.uasset" 680
"../../../Engine/Content/Functions/Engine_MaterialFunctions01/Opacity/CameraDepthFade.uexp" 681
"../../../Engine/Content/EngineMaterials/WorldGridMaterial.uasset" 682
"../../../Engine/Content/EngineMaterials/WorldGridMaterial.uexp" 683
"../../../Engine/Plugins/Media/MediaPlate/Content/SM_MediaPlateScreen.ubulk" 684
"../../../Engine/Plugins/Media/MediaPlate/Content/SM_MediaPlateScreen.uasset" 685
"../../../Engine/Plugins/Media/MediaPlate/Content/SM_MediaPlateScreen.uexp" 686
"../../../Engine/Content/EngineMeshes/Sphere.ubulk" 687
"../../../Engine/Content/EngineMeshes/Sphere.uasset" 688
"../../../Engine/Content/EngineMeshes/Sphere.uexp" 689
"../../../Engine/Plugins/Animation/ControlRig/Content/Controls/ControlRig_Wedge_solid.ubulk" 690
"../../../Engine/Plugins/Animation/ControlRig/Content/Controls/ControlRig_Wedge_solid.uasset" 691
"../../../Engine/Plugins/Animation/ControlRig/Content/Controls/ControlRig_Wedge_solid.uexp" 692
"../../../Engine/Plugins/Animation/ControlRig/Content/Controls/ControlRig_Wedge_3mm.ubulk" 693
"../../../Engine/Plugins/Animation/ControlRig/Content/Controls/ControlRig_Wedge_3mm.uasset" 694
"../../../Engine/Plugins/Animation/ControlRig/Content/Controls/ControlRig_Wedge_3mm.uexp" 695
"../../../Engine/Plugins/Animation/ControlRig/Content/Controls/ControlRig_Wedge_1mm.ubulk" 696
"../../../Engine/Plugins/Animation/ControlRig/Content/Controls/ControlRig_Wedge_1mm.uasset" 697
"../../../Engine/Plugins/Animation/ControlRig/Content/Controls/ControlRig_Wedge_1mm.uexp" 698
"../../../Engine/Plugins/Animation/ControlRig/Content/Controls/ControlRig_Triangle_solid.ubulk" 699
"../../../Engine/Plugins/Animation/ControlRig/Content/Controls/ControlRig_Triangle_solid.uasset" 700
"../../../Engine/Plugins/Animation/ControlRig/Content/Controls/ControlRig_Triangle_solid.uexp" 701
"../../../Engine/Plugins/Animation/ControlRig/Content/Controls/ControlRig_Triangle_3mm.ubulk" 702
"../../../Engine/Plugins/Animation/ControlRig/Content/Controls/ControlRig_Triangle_3mm.uasset" 703
"../../../Engine/Plugins/Animation/ControlRig/Content/Controls/ControlRig_Triangle_3mm.uexp" 704
"../../../Engine/Plugins/Animation/ControlRig/Content/Controls/ControlRig_Triangle_1mm.ubulk" 705
"../../../Engine/Plugins/Animation/ControlRig/Content/Controls/ControlRig_Triangle_1mm.uasset" 706
"../../../Engine/Plugins/Animation/ControlRig/Content/Controls/ControlRig_Triangle_1mm.uexp" 707
"../../../Engine/Plugins/Animation/ControlRig/Content/Controls/ControlRig_Star4_solid.ubulk" 708
"../../../Engine/Plugins/Animation/ControlRig/Content/Controls/ControlRig_Star4_solid.uasset" 709
"../../../Engine/Plugins/Animation/ControlRig/Content/Controls/ControlRig_Star4_solid.uexp" 710
"../../../Engine/Plugins/Animation/ControlRig/Content/Controls/ControlRig_Star4_3mm.ubulk" 711
"../../../Engine/Plugins/Animation/ControlRig/Content/Controls/ControlRig_Star4_3mm.uasset" 712
"../../../Engine/Plugins/Animation/ControlRig/Content/Controls/ControlRig_Star4_3mm.uexp" 713
"../../../Engine/Plugins/Animation/ControlRig/Content/Controls/ControlRig_Star4_1mm.ubulk" 714
"../../../Engine/Plugins/Animation/ControlRig/Content/Controls/ControlRig_Star4_1mm.uasset" 715
"../../../Engine/Plugins/Animation/ControlRig/Content/Controls/ControlRig_Star4_1mm.uexp" 716
"../../../Engine/Plugins/Animation/ControlRig/Content/Controls/ControlRig_Square_solid.ubulk" 717
"../../../Engine/Plugins/Animation/ControlRig/Content/Controls/ControlRig_Square_solid.uasset" 718
"../../../Engine/Plugins/Animation/ControlRig/Content/Controls/ControlRig_Square_solid.uexp" 719
"../../../Engine/Plugins/Animation/ControlRig/Content/Controls/ControlRig_Square_3mm.ubulk" 720
"../../../Engine/Plugins/Animation/ControlRig/Content/Controls/ControlRig_Square_3mm.uasset" 721
"../../../Engine/Plugins/Animation/ControlRig/Content/Controls/ControlRig_Square_3mm.uexp" 722
"../../../Engine/Plugins/Animation/ControlRig/Content/Controls/ControlRig_Square_1mm.ubulk" 723
"../../../Engine/Plugins/Animation/ControlRig/Content/Controls/ControlRig_Square_1mm.uasset" 724
"../../../Engine/Plugins/Animation/ControlRig/Content/Controls/ControlRig_Square_1mm.uexp" 725
"../../../Engine/Plugins/Animation/ControlRig/Content/Controls/ControlRig_Sphere_solid.ubulk" 726
"../../../Engine/Plugins/Animation/ControlRig/Content/Controls/ControlRig_Sphere_solid.uasset" 727
"../../../Engine/Plugins/Animation/ControlRig/Content/Controls/ControlRig_Sphere_solid.uexp" 728
"../../../Engine/Plugins/Animation/ControlRig/Content/Controls/ControlRig_Sphere_3mm.ubulk" 729
"../../../Engine/Plugins/Animation/ControlRig/Content/Controls/ControlRig_Sphere_3mm.uasset" 730
"../../../Engine/Plugins/Animation/ControlRig/Content/Controls/ControlRig_Sphere_3mm.uexp" 731
"../../../Engine/Plugins/Animation/ControlRig/Content/Controls/ControlRig_Sphere_1mm.ubulk" 732
"../../../Engine/Plugins/Animation/ControlRig/Content/Controls/ControlRig_Sphere_1mm.uasset" 733
"../../../Engine/Plugins/Animation/ControlRig/Content/Controls/ControlRig_Sphere_1mm.uexp" 734
"../../../Engine/Plugins/Animation/ControlRig/Content/Controls/ControlRig_RoundedTriangle_solid.ubulk" 735
"../../../Engine/Plugins/Animation/ControlRig/Content/Controls/ControlRig_RoundedTriangle_solid.uasset" 736
"../../../Engine/Plugins/Animation/ControlRig/Content/Controls/ControlRig_RoundedTriangle_solid.uexp" 737
"../../../Engine/Plugins/Animation/ControlRig/Content/Controls/ControlRig_RoundedTriangle_3mm.ubulk" 738
"../../../Engine/Plugins/Animation/ControlRig/Content/Controls/ControlRig_RoundedTriangle_3mm.uasset" 739
"../../../Engine/Plugins/Animation/ControlRig/Content/Controls/ControlRig_RoundedTriangle_3mm.uexp" 740
"../../../Engine/Plugins/Animation/ControlRig/Content/Controls/ControlRig_RoundedTriangle_1mm.ubulk" 741
"../../../Engine/Plugins/Animation/ControlRig/Content/Controls/ControlRig_RoundedTriangle_1mm.uasset" 742
"../../../Engine/Plugins/Animation/ControlRig/Content/Controls/ControlRig_RoundedTriangle_1mm.uexp" 743
"../../../Engine/Plugins/Animation/ControlRig/Content/Controls/ControlRig_RoundedSquare_solid.ubulk" 744
"../../../Engine/Plugins/Animation/ControlRig/Content/Controls/ControlRig_RoundedSquare_solid.uasset" 745
"../../../Engine/Plugins/Animation/ControlRig/Content/Controls/ControlRig_RoundedSquare_solid.uexp" 746
"../../../Engine/Plugins/Animation/ControlRig/Content/Controls/ControlRig_RoundedSquare_3mm.ubulk" 747
"../../../Engine/Plugins/Animation/ControlRig/Content/Controls/ControlRig_RoundedSquare_3mm.uasset" 748
"../../../Engine/Plugins/Animation/ControlRig/Content/Controls/ControlRig_RoundedSquare_3mm.uexp" 749
"../../../Engine/Plugins/Animation/ControlRig/Content/Controls/ControlRig_RoundedSquare_1mm.ubulk" 750
"../../../Engine/Plugins/Animation/ControlRig/Content/Controls/ControlRig_RoundedSquare_1mm.uasset" 751
"../../../Engine/Plugins/Animation/ControlRig/Content/Controls/ControlRig_RoundedSquare_1mm.uexp" 752
"../../../Engine/Plugins/Animation/ControlRig/Content/Controls/ControlRig_QuarterCircle_solid.ubulk" 753
"../../../Engine/Plugins/Animation/ControlRig/Content/Controls/ControlRig_QuarterCircle_solid.uasset" 754
"../../../Engine/Plugins/Animation/ControlRig/Content/Controls/ControlRig_QuarterCircle_solid.uexp" 755
"../../../Engine/Plugins/Animation/ControlRig/Content/Controls/ControlRig_QuarterCircle_3mm.ubulk" 756
"../../../Engine/Plugins/Animation/ControlRig/Content/Controls/ControlRig_QuarterCircle_3mm.uasset" 757
"../../../Engine/Plugins/Animation/ControlRig/Content/Controls/ControlRig_QuarterCircle_3mm.uexp" 758
"../../../Engine/Plugins/Animation/ControlRig/Content/Controls/ControlRig_QuarterCircle_1mm.ubulk" 759
"../../../Engine/Plugins/Animation/ControlRig/Content/Controls/ControlRig_QuarterCircle_1mm.uasset" 760
"../../../Engine/Plugins/Animation/ControlRig/Content/Controls/ControlRig_QuarterCircle_1mm.uexp" 761
"../../../Engine/Plugins/Animation/ControlRig/Content/Controls/ControlRig_Pyramid_solid.ubulk" 762
"../../../Engine/Plugins/Animation/ControlRig/Content/Controls/ControlRig_Pyramid_solid.uasset" 763
"../../../Engine/Plugins/Animation/ControlRig/Content/Controls/ControlRig_Pyramid_solid.uexp" 764
"../../../Engine/Plugins/Animation/ControlRig/Content/Controls/ControlRig_Pyramid_3mm.ubulk" 765
"../../../Engine/Plugins/Animation/ControlRig/Content/Controls/ControlRig_Pyramid_3mm.uasset" 766
"../../../Engine/Plugins/Animation/ControlRig/Content/Controls/ControlRig_Pyramid_3mm.uexp" 767
"../../../Engine/Plugins/Animation/ControlRig/Content/Controls/ControlRig_Pyramid_1mm.ubulk" 768
"../../../Engine/Plugins/Animation/ControlRig/Content/Controls/ControlRig_Pyramid_1mm.uasset" 769
"../../../Engine/Plugins/Animation/ControlRig/Content/Controls/ControlRig_Pyramid_1mm.uexp" 770
"../../../Engine/Plugins/Animation/ControlRig/Content/Controls/ControlRig_Octagon_solid.ubulk" 771
"../../../Engine/Plugins/Animation/ControlRig/Content/Controls/ControlRig_Octagon_solid.uasset" 772
"../../../Engine/Plugins/Animation/ControlRig/Content/Controls/ControlRig_Octagon_solid.uexp" 773
"../../../Engine/Plugins/Animation/ControlRig/Content/Controls/ControlRig_Octagon_3mm.ubulk" 774
"../../../Engine/Plugins/Animation/ControlRig/Content/Controls/ControlRig_Octagon_3mm.uasset" 775
"../../../Engine/Plugins/Animation/ControlRig/Content/Controls/ControlRig_Octagon_3mm.uexp" 776
"../../../Engine/Plugins/Animation/ControlRig/Content/Controls/ControlRig_Octagon_1mm.ubulk" 777
"../../../Engine/Plugins/Animation/ControlRig/Content/Controls/ControlRig_Octagon_1mm.uasset" 778
"../../../Engine/Plugins/Animation/ControlRig/Content/Controls/ControlRig_Octagon_1mm.uexp" 779
"../../../Engine/Plugins/Animation/ControlRig/Content/Controls/ControlRig_Hexagon_solid.ubulk" 780
"../../../Engine/Plugins/Animation/ControlRig/Content/Controls/ControlRig_Hexagon_solid.uasset" 781
"../../../Engine/Plugins/Animation/ControlRig/Content/Controls/ControlRig_Hexagon_solid.uexp" 782
"../../../Engine/Plugins/Animation/ControlRig/Content/Controls/ControlRig_Hexagon_3mm.ubulk" 783
"../../../Engine/Plugins/Animation/ControlRig/Content/Controls/ControlRig_Hexagon_3mm.uasset" 784
"../../../Engine/Plugins/Animation/ControlRig/Content/Controls/ControlRig_Hexagon_3mm.uexp" 785
"../../../Engine/Plugins/Animation/ControlRig/Content/Controls/ControlRig_Hexagon_1mm.ubulk" 786
"../../../Engine/Plugins/Animation/ControlRig/Content/Controls/ControlRig_Hexagon_1mm.uasset" 787
"../../../Engine/Plugins/Animation/ControlRig/Content/Controls/ControlRig_Hexagon_1mm.uexp" 788
"../../../Engine/Plugins/Animation/ControlRig/Content/Controls/ControlRig_HalfCircle_solid.ubulk" 789
"../../../Engine/Plugins/Animation/ControlRig/Content/Controls/ControlRig_HalfCircle_solid.uasset" 790
"../../../Engine/Plugins/Animation/ControlRig/Content/Controls/ControlRig_HalfCircle_solid.uexp" 791
"../../../Engine/Plugins/Animation/ControlRig/Content/Controls/ControlRig_HalfCircle_3mm.ubulk" 792
"../../../Engine/Plugins/Animation/ControlRig/Content/Controls/ControlRig_HalfCircle_3mm.uasset" 793
"../../../Engine/Plugins/Animation/ControlRig/Content/Controls/ControlRig_HalfCircle_3mm.uexp" 794
"../../../Engine/Plugins/Animation/ControlRig/Content/Controls/ControlRig_HalfCircle_1mm.ubulk" 795
"../../../Engine/Plugins/Animation/ControlRig/Content/Controls/ControlRig_HalfCircle_1mm.uasset" 796
"../../../Engine/Plugins/Animation/ControlRig/Content/Controls/ControlRig_HalfCircle_1mm.uexp" 797
"../../../Engine/Plugins/Animation/ControlRig/Content/Controls/ControlRig_Diamond_solid.ubulk" 798
"../../../Engine/Plugins/Animation/ControlRig/Content/Controls/ControlRig_Diamond_solid.uasset" 799
"../../../Engine/Plugins/Animation/ControlRig/Content/Controls/ControlRig_Diamond_solid.uexp" 800
"../../../Engine/Plugins/Animation/ControlRig/Content/Controls/ControlRig_Diamond_3mm.ubulk" 801
"../../../Engine/Plugins/Animation/ControlRig/Content/Controls/ControlRig_Diamond_3mm.uasset" 802
"../../../Engine/Plugins/Animation/ControlRig/Content/Controls/ControlRig_Diamond_3mm.uexp" 803
"../../../Engine/Plugins/Animation/ControlRig/Content/Controls/ControlRig_Diamond_1mm.ubulk" 804
"../../../Engine/Plugins/Animation/ControlRig/Content/Controls/ControlRig_Diamond_1mm.uasset" 805
"../../../Engine/Plugins/Animation/ControlRig/Content/Controls/ControlRig_Diamond_1mm.uexp" 806
"../../../Engine/Plugins/Animation/ControlRig/Content/Controls/ControlRig_Circle_solid.ubulk" 807
"../../../Engine/Plugins/Animation/ControlRig/Content/Controls/ControlRig_Circle_solid.uasset" 808
"../../../Engine/Plugins/Animation/ControlRig/Content/Controls/ControlRig_Circle_solid.uexp" 809
"../../../Engine/Plugins/Animation/ControlRig/Content/Controls/ControlRig_Circle_3mm.ubulk" 810
"../../../Engine/Plugins/Animation/ControlRig/Content/Controls/ControlRig_Circle_3mm.uasset" 811
"../../../Engine/Plugins/Animation/ControlRig/Content/Controls/ControlRig_Circle_3mm.uexp" 812
"../../../Engine/Plugins/Animation/ControlRig/Content/Controls/ControlRig_Circle_1mm.ubulk" 813
"../../../Engine/Plugins/Animation/ControlRig/Content/Controls/ControlRig_Circle_1mm.uasset" 814
"../../../Engine/Plugins/Animation/ControlRig/Content/Controls/ControlRig_Circle_1mm.uexp" 815
"../../../Engine/Plugins/Animation/ControlRig/Content/Controls/ControlRig_Box_solid.ubulk" 816
"../../../Engine/Plugins/Animation/ControlRig/Content/Controls/ControlRig_Box_solid.uasset" 817
"../../../Engine/Plugins/Animation/ControlRig/Content/Controls/ControlRig_Box_solid.uexp" 818
"../../../Engine/Plugins/Animation/ControlRig/Content/Controls/ControlRig_Box_3mm.ubulk" 819
"../../../Engine/Plugins/Animation/ControlRig/Content/Controls/ControlRig_Box_3mm.uasset" 820
"../../../Engine/Plugins/Animation/ControlRig/Content/Controls/ControlRig_Box_3mm.uexp" 821
"../../../Engine/Plugins/Animation/ControlRig/Content/Controls/ControlRig_Box_1mm.ubulk" 822
"../../../Engine/Plugins/Animation/ControlRig/Content/Controls/ControlRig_Box_1mm.uasset" 823
"../../../Engine/Plugins/Animation/ControlRig/Content/Controls/ControlRig_Box_1mm.uexp" 824
"../../../Engine/Plugins/Animation/ControlRig/Content/Controls/ControlRig_Arrow_solid.ubulk" 825
"../../../Engine/Plugins/Animation/ControlRig/Content/Controls/ControlRig_Arrow_solid.uasset" 826
"../../../Engine/Plugins/Animation/ControlRig/Content/Controls/ControlRig_Arrow_solid.uexp" 827
"../../../Engine/Plugins/Animation/ControlRig/Content/Controls/ControlRig_Arrow_3mm.ubulk" 828
"../../../Engine/Plugins/Animation/ControlRig/Content/Controls/ControlRig_Arrow_3mm.uasset" 829
"../../../Engine/Plugins/Animation/ControlRig/Content/Controls/ControlRig_Arrow_3mm.uexp" 830
"../../../Engine/Plugins/Animation/ControlRig/Content/Controls/ControlRig_Arrow_1mm.ubulk" 831
"../../../Engine/Plugins/Animation/ControlRig/Content/Controls/ControlRig_Arrow_1mm.uasset" 832
"../../../Engine/Plugins/Animation/ControlRig/Content/Controls/ControlRig_Arrow_1mm.uexp" 833
"../../../Engine/Plugins/Animation/ControlRig/Content/Controls/ControlRig_Arrow4_solid.ubulk" 834
"../../../Engine/Plugins/Animation/ControlRig/Content/Controls/ControlRig_Arrow4_solid.uasset" 835
"../../../Engine/Plugins/Animation/ControlRig/Content/Controls/ControlRig_Arrow4_solid.uexp" 836
"../../../Engine/Plugins/Animation/ControlRig/Content/Controls/ControlRig_Arrow4_3mm.ubulk" 837
"../../../Engine/Plugins/Animation/ControlRig/Content/Controls/ControlRig_Arrow4_3mm.uasset" 838
"../../../Engine/Plugins/Animation/ControlRig/Content/Controls/ControlRig_Arrow4_3mm.uexp" 839
"../../../Engine/Plugins/Animation/ControlRig/Content/Controls/ControlRig_Arrow4_1mm.ubulk" 840
"../../../Engine/Plugins/Animation/ControlRig/Content/Controls/ControlRig_Arrow4_1mm.uasset" 841
"../../../Engine/Plugins/Animation/ControlRig/Content/Controls/ControlRig_Arrow4_1mm.uexp" 842
"../../../Engine/Plugins/Animation/ControlRig/Content/Controls/ControlRig_Arrow2_solid.ubulk" 843
"../../../Engine/Plugins/Animation/ControlRig/Content/Controls/ControlRig_Arrow2_solid.uasset" 844
"../../../Engine/Plugins/Animation/ControlRig/Content/Controls/ControlRig_Arrow2_solid.uexp" 845
"../../../Engine/Plugins/Animation/ControlRig/Content/Controls/ControlRig_Arrow2_3mm.ubulk" 846
"../../../Engine/Plugins/Animation/ControlRig/Content/Controls/ControlRig_Arrow2_3mm.uasset" 847
"../../../Engine/Plugins/Animation/ControlRig/Content/Controls/ControlRig_Arrow2_3mm.uexp" 848
"../../../Engine/Plugins/Animation/ControlRig/Content/Controls/ControlRig_Arrow2_1mm.ubulk" 849
"../../../Engine/Plugins/Animation/ControlRig/Content/Controls/ControlRig_Arrow2_1mm.uasset" 850
"../../../Engine/Plugins/Animation/ControlRig/Content/Controls/ControlRig_Arrow2_1mm.uexp" 851
"../../../Engine/Content/EngineMaterials/DefaultMaterial.uasset" 852
"../../../Engine/Content/EngineMaterials/DefaultMaterial.uexp" 853
"../../../Engine/Content/EngineMeshes/Cylinder.ubulk" 854
"../../../Engine/Content/EngineMeshes/Cylinder.uasset" 855
"../../../Engine/Content/EngineMeshes/Cylinder.uexp" 856
"../../../Engine/Content/EditorLandscapeResources/SplineEditorMeshMat.uasset" 857
"../../../Engine/Content/EditorLandscapeResources/SplineEditorMeshMat.uexp" 858
"../../../Engine/Content/EditorLandscapeResources/SplineEditorMesh.ubulk" 859
"../../../Engine/Content/EditorLandscapeResources/SplineEditorMesh.uasset" 860
"../../../Engine/Content/EditorLandscapeResources/SplineEditorMesh.uexp" 861
"../../../Engine/Content/BasicShapes/Cone.ubulk" 862
"../../../Engine/Content/BasicShapes/Cone.uasset" 863
"../../../Engine/Content/BasicShapes/Cone.uexp" 864
"../../../Engine/Content/VREditor/TransformGizmo/Main.uasset" 865
"../../../Engine/Content/VREditor/TransformGizmo/Main.uexp" 866
"../../../Engine/Content/VREditor/TransformGizmo/Xray.uasset" 867
"../../../Engine/Content/VREditor/TransformGizmo/Xray.uexp" 868
"../../../Engine/Content/VREditor/TransformGizmo/SM_Sequencer_Node.ubulk" 869
"../../../Engine/Content/VREditor/TransformGizmo/SM_Sequencer_Node.uasset" 870
"../../../Engine/Content/VREditor/TransformGizmo/SM_Sequencer_Node.uexp" 871
"../../../Engine/Content/VREditor/LaserPointer/VR_LaserPower_01.ubulk" 872
"../../../Engine/Content/VREditor/LaserPointer/VR_LaserPower_01.uasset" 873
"../../../Engine/Content/VREditor/LaserPointer/VR_LaserPower_01.uexp" 874
"../../../Engine/Content/VREditor/TransformGizmo/TransformGizmoMaterial.uasset" 875
"../../../Engine/Content/VREditor/TransformGizmo/TransformGizmoMaterial.uexp" 876
"../../../Engine/Content/VREditor/TransformGizmo/TranslucentTransformGizmoMaterial.uasset" 877
"../../../Engine/Content/VREditor/TransformGizmo/TranslucentTransformGizmoMaterial.uexp" 878
"../../../Engine/Content/VREditor/TransformGizmo/BoundingBoxEdge.ubulk" 879
"../../../Engine/Content/VREditor/TransformGizmo/BoundingBoxEdge.uasset" 880
"../../../Engine/Content/VREditor/TransformGizmo/BoundingBoxEdge.uexp" 881
"../../../Engine/Content/VREditor/TransformGizmo/BoundingBoxCorner.ubulk" 882
"../../../Engine/Content/VREditor/TransformGizmo/BoundingBoxCorner.uasset" 883
"../../../Engine/Content/VREditor/TransformGizmo/BoundingBoxCorner.uexp" 884
"../../../Engine/Content/EngineSky/VolumetricClouds/T_CloudMask.ubulk" 885
"../../../Engine/Content/EngineSky/VolumetricClouds/T_CloudMask.uasset" 886
"../../../Engine/Content/EngineSky/VolumetricClouds/T_CloudMask.uexp" 887
"../../../Engine/Content/EngineSky/VolumetricClouds/VT_Lightning.uasset" 888
"../../../Engine/Content/EngineSky/VolumetricClouds/VT_Lightning.uexp" 889
"../../../Engine/Content/EngineSky/VolumetricClouds/T_Profile_08.ubulk" 890
"../../../Engine/Content/EngineSky/VolumetricClouds/T_Profile_08.uasset" 891
"../../../Engine/Content/EngineSky/VolumetricClouds/T_Profile_08.uexp" 892
"../../../Engine/Content/Functions/Engine_MaterialFunctions01/Units/Km-to-Cm.uasset" 893
"../../../Engine/Content/Functions/Engine_MaterialFunctions01/Units/Km-to-Cm.uexp" 894
"../../../Engine/Content/EngineSky/VolumetricClouds/T_CloudPattern.ubulk" 895
"../../../Engine/Content/EngineSky/VolumetricClouds/T_CloudPattern.uasset" 896
"../../../Engine/Content/EngineSky/VolumetricClouds/T_CloudPattern.uexp" 897
"../../../Engine/Content/EngineSky/VolumetricClouds/VT_PerlinWorley_Balanced.uasset" 898
"../../../Engine/Content/EngineSky/VolumetricClouds/VT_PerlinWorley_Balanced.uexp" 899
"../../../Engine/Content/EngineSky/VolumetricClouds/m_SimpleVolumetricCloud.uasset" 900
"../../../Engine/Content/EngineSky/VolumetricClouds/m_SimpleVolumetricCloud.uexp" 901
"../../../Engine/Content/EngineSky/VolumetricClouds/m_SimpleVolumetricCloud_Inst.uasset" 902
"../../../Engine/Content/EngineSky/VolumetricClouds/m_SimpleVolumetricCloud_Inst.uexp" 903
"../../../Engine/Content/EditorMaterials/Camera/CineMat.uasset" 904
"../../../Engine/Content/EditorMaterials/Camera/CineMat.uexp" 905
"../../../Engine/Content/EditorMaterials/Camera/MI_CineMat_Rig.uasset" 906
"../../../Engine/Content/EditorMaterials/Camera/MI_CineMat_Rig.uexp" 907
"../../../Engine/Content/EditorMeshes/Camera/SM_RailRig_Track.ubulk" 908
"../../../Engine/Content/EditorMeshes/Camera/SM_RailRig_Track.uasset" 909
"../../../Engine/Content/EditorMeshes/Camera/SM_RailRig_Track.uexp" 910
"../../../Engine/Content/EditorMeshes/Camera/SM_RailRig_Mount.ubulk" 911
"../../../Engine/Content/EditorMeshes/Camera/SM_RailRig_Mount.uasset" 912
"../../../Engine/Content/EditorMeshes/Camera/SM_RailRig_Mount.uexp" 913
"../../../Engine/Content/EditorMeshes/Camera/SM_CraneRig_Mount.ubulk" 914
"../../../Engine/Content/EditorMeshes/Camera/SM_CraneRig_Mount.uasset" 915
"../../../Engine/Content/EditorMeshes/Camera/SM_CraneRig_Mount.uexp" 916
"../../../Engine/Content/EditorMeshes/Camera/SM_CraneRig_Body.ubulk" 917
"../../../Engine/Content/EditorMeshes/Camera/SM_CraneRig_Body.uasset" 918
"../../../Engine/Content/EditorMeshes/Camera/SM_CraneRig_Body.uexp" 919
"../../../Engine/Content/EditorMeshes/Camera/SM_CraneRig_Base.ubulk" 920
"../../../Engine/Content/EditorMeshes/Camera/SM_CraneRig_Base.uasset" 921
"../../../Engine/Content/EditorMeshes/Camera/SM_CraneRig_Base.uexp" 922
"../../../Engine/Content/EditorMeshes/Camera/SM_CraneRig_Arm.ubulk" 923
"../../../Engine/Content/EditorMeshes/Camera/SM_CraneRig_Arm.uasset" 924
"../../../Engine/Content/EditorMeshes/Camera/SM_CraneRig_Arm.uexp" 925
"../../../Engine/Content/ArtTools/RenderToTexture/Meshes/S_1_Unit_Plane.ubulk" 926
"../../../Engine/Content/ArtTools/RenderToTexture/Meshes/S_1_Unit_Plane.uasset" 927
"../../../Engine/Content/ArtTools/RenderToTexture/Meshes/S_1_Unit_Plane.uexp" 928
"D:/FinalyearProject/FinalYearProject/Content/TokyoStylizedEnvironment/Textures/T_TileStack_Base.ubulk" 929
"D:/FinalyearProject/FinalYearProject/Content/TokyoStylizedEnvironment/Textures/T_TileStack_Base.uasset" 930
"D:/FinalyearProject/FinalYearProject/Content/TokyoStylizedEnvironment/Textures/T_TileStack_Base.uexp" 931
"D:/FinalyearProject/FinalYearProject/Content/TokyoStylizedEnvironment/Textures/T_PanelPlain_RMO.ubulk" 932
"D:/FinalyearProject/FinalYearProject/Content/TokyoStylizedEnvironment/Textures/T_PanelPlain_RMO.uasset" 933
"D:/FinalyearProject/FinalYearProject/Content/TokyoStylizedEnvironment/Textures/T_PanelPlain_RMO.uexp" 934
"D:/FinalyearProject/FinalYearProject/Content/TokyoStylizedEnvironment/Textures/T_PanelPlain_Base.ubulk" 935
"D:/FinalyearProject/FinalYearProject/Content/TokyoStylizedEnvironment/Textures/T_PanelPlain_Base.uasset" 936
"D:/FinalyearProject/FinalYearProject/Content/TokyoStylizedEnvironment/Textures/T_PanelPlain_Base.uexp" 937
"D:/FinalyearProject/FinalYearProject/Content/TokyoStylizedEnvironment/Textures/T_PanelPlain_Normal.ubulk" 938
"D:/FinalyearProject/FinalYearProject/Content/TokyoStylizedEnvironment/Textures/T_PanelPlain_Normal.uasset" 939
"D:/FinalyearProject/FinalYearProject/Content/TokyoStylizedEnvironment/Textures/T_PanelPlain_Normal.uexp" 940
"D:/FinalyearProject/FinalYearProject/Content/TokyoStylizedEnvironment/Textures/T_DirtMask_01.ubulk" 941
"D:/FinalyearProject/FinalYearProject/Content/TokyoStylizedEnvironment/Textures/T_DirtMask_01.uasset" 942
"D:/FinalyearProject/FinalYearProject/Content/TokyoStylizedEnvironment/Textures/T_DirtMask_01.uexp" 943
"../../../Engine/Content/EngineMaterials/BlendFunc_DefBlend.uasset" 944
"../../../Engine/Content/EngineMaterials/BlendFunc_DefBlend.uexp" 945
"../../../Engine/Content/EngineMaterials/BlendFunc_DefBase.uasset" 946
"../../../Engine/Content/EngineMaterials/BlendFunc_DefBase.uexp" 947
"../../../Engine/Content/Functions/Engine_MaterialFunctions03/Blends/Blend_Lighten.uasset" 948
"../../../Engine/Content/Functions/Engine_MaterialFunctions03/Blends/Blend_Lighten.uexp" 949
"D:/FinalyearProject/FinalYearProject/Content/TokyoStylizedEnvironment/Materials/Master_Materials/M_TilingMat.uasset" 950
"D:/FinalyearProject/FinalYearProject/Content/TokyoStylizedEnvironment/Materials/Master_Materials/M_TilingMat.uexp" 951
"D:/FinalyearProject/FinalYearProject/Content/TokyoStylizedEnvironment/Textures/T_TileStack_RMO.ubulk" 952
"D:/FinalyearProject/FinalYearProject/Content/TokyoStylizedEnvironment/Textures/T_TileStack_RMO.uasset" 953
"D:/FinalyearProject/FinalYearProject/Content/TokyoStylizedEnvironment/Textures/T_TileStack_RMO.uexp" 954
"D:/FinalyearProject/FinalYearProject/Content/TokyoStylizedEnvironment/Materials/Tile_Tiles_Stack/MI_TileStack_White.uasset" 955
"D:/FinalyearProject/FinalYearProject/Content/TokyoStylizedEnvironment/Materials/Tile_Tiles_Stack/MI_TileStack_White.uexp" 956
"D:/FinalyearProject/FinalYearProject/Content/TokyoStylizedEnvironment/Materials/Tile_Tiles_Stack/MI_TileStack_DarkGray.uasset" 957
"D:/FinalyearProject/FinalYearProject/Content/TokyoStylizedEnvironment/Materials/Tile_Tiles_Stack/MI_TileStack_DarkGray.uexp" 958
"D:/FinalyearProject/FinalYearProject/Content/TokyoStylizedEnvironment/Meshes/Modular_BuildingBlocks/SM_Floor_500x500.ubulk" 959
"D:/FinalyearProject/FinalYearProject/Content/TokyoStylizedEnvironment/Meshes/Modular_BuildingBlocks/SM_Floor_500x500.uasset" 960
"D:/FinalyearProject/FinalYearProject/Content/TokyoStylizedEnvironment/Meshes/Modular_BuildingBlocks/SM_Floor_500x500.uexp" 961
"D:/FinalyearProject/FinalYearProject/Content/TokyoStylizedEnvironment/Textures/T_StreetTrim_Normal.ubulk" 962
"D:/FinalyearProject/FinalYearProject/Content/TokyoStylizedEnvironment/Textures/T_StreetTrim_Normal.uasset" 963
"D:/FinalyearProject/FinalYearProject/Content/TokyoStylizedEnvironment/Textures/T_StreetTrim_Normal.uexp" 964
"D:/FinalyearProject/FinalYearProject/Content/TokyoStylizedEnvironment/Materials/Master_Materials/M_BasicMat.uasset" 965
"D:/FinalyearProject/FinalYearProject/Content/TokyoStylizedEnvironment/Materials/Master_Materials/M_BasicMat.uexp" 966
"D:/FinalyearProject/FinalYearProject/Content/TokyoStylizedEnvironment/Textures/T_StreetTrim_RMO.ubulk" 967
"D:/FinalyearProject/FinalYearProject/Content/TokyoStylizedEnvironment/Textures/T_StreetTrim_RMO.uasset" 968
"D:/FinalyearProject/FinalYearProject/Content/TokyoStylizedEnvironment/Textures/T_StreetTrim_RMO.uexp" 969
"D:/FinalyearProject/FinalYearProject/Content/TokyoStylizedEnvironment/Textures/T_StreetTrim_Base.ubulk" 970
"D:/FinalyearProject/FinalYearProject/Content/TokyoStylizedEnvironment/Textures/T_StreetTrim_Base.uasset" 971
"D:/FinalyearProject/FinalYearProject/Content/TokyoStylizedEnvironment/Textures/T_StreetTrim_Base.uexp" 972
"D:/FinalyearProject/FinalYearProject/Content/TokyoStylizedEnvironment/Materials/Trim_StreetTrim/MI_StreetTrim.uasset" 973
"D:/FinalyearProject/FinalYearProject/Content/TokyoStylizedEnvironment/Materials/Trim_StreetTrim/MI_StreetTrim.uexp" 974
"D:/FinalyearProject/FinalYearProject/Content/TokyoStylizedEnvironment/Meshes/Modular_BuildingBlocks/SM_Curb_Corner01.ubulk" 975
"D:/FinalyearProject/FinalYearProject/Content/TokyoStylizedEnvironment/Meshes/Modular_BuildingBlocks/SM_Curb_Corner01.uasset" 976
"D:/FinalyearProject/FinalYearProject/Content/TokyoStylizedEnvironment/Meshes/Modular_BuildingBlocks/SM_Curb_Corner01.uexp" 977
"D:/FinalyearProject/FinalYearProject/Content/TokyoStylizedEnvironment/Meshes/Modular_BuildingBlocks/SM_Curb03.ubulk" 978
"D:/FinalyearProject/FinalYearProject/Content/TokyoStylizedEnvironment/Meshes/Modular_BuildingBlocks/SM_Curb03.uasset" 979
"D:/FinalyearProject/FinalYearProject/Content/TokyoStylizedEnvironment/Meshes/Modular_BuildingBlocks/SM_Curb03.uexp" 980
"D:/FinalyearProject/FinalYearProject/Content/TokyoStylizedEnvironment/Meshes/Modular_BuildingBlocks/SM_Curb02.ubulk" 981
"D:/FinalyearProject/FinalYearProject/Content/TokyoStylizedEnvironment/Meshes/Modular_BuildingBlocks/SM_Curb02.uasset" 982
"D:/FinalyearProject/FinalYearProject/Content/TokyoStylizedEnvironment/Meshes/Modular_BuildingBlocks/SM_Curb02.uexp" 983
"../../../Engine/Plugins/NNE/NNEDenoiser/Content/NNE_oidn2-3-0_rt_hdr_calb_cnrm_large__dyn__fp16_opset11_ForwardAlpha.uasset" 984
"../../../Engine/Plugins/NNE/NNEDenoiser/Content/NNE_oidn2-3-0_rt_hdr_calb_cnrm_large__dyn__fp16_opset11_ForwardAlpha.uexp" 985
"../../../Engine/Plugins/NNE/NNEDenoiser/Content/NNE_oidn2-3-0_rt_hdr_calb_cnrm_large__dyn__fp16_opset11_DenoiseAlpha.uasset" 986
"../../../Engine/Plugins/NNE/NNEDenoiser/Content/NNE_oidn2-3-0_rt_hdr_calb_cnrm_large__dyn__fp16_opset11_DenoiseAlpha.uexp" 987
"../../../Engine/Plugins/NNE/NNEDenoiser/Content/NNE_oidn2-3-0_rt_hdr_alb_nrm__dyn__fp16_opset11_ForwardAlpha.uasset" 988
"../../../Engine/Plugins/NNE/NNEDenoiser/Content/NNE_oidn2-3-0_rt_hdr_alb_nrm__dyn__fp16_opset11_ForwardAlpha.uexp" 989
"../../../Engine/Plugins/NNE/NNEDenoiser/Content/NNE_oidn2-3-0_rt_hdr_alb_nrm__dyn__fp16_opset11_DenoiseAlpha.uasset" 990
"../../../Engine/Plugins/NNE/NNEDenoiser/Content/NNE_oidn2-3-0_rt_hdr_alb_nrm__dyn__fp16_opset11_DenoiseAlpha.uexp" 991
"../../../Engine/Plugins/NNE/NNEDenoiser/Content/NNE_oidn2-3-0_rt_hdr_alb_nrm_small__dyn__fp16_opset11_ForwardAlpha.uasset" 992
"../../../Engine/Plugins/NNE/NNEDenoiser/Content/NNE_oidn2-3-0_rt_hdr_alb_nrm_small__dyn__fp16_opset11_ForwardAlpha.uexp" 993
"../../../Engine/Plugins/NNE/NNEDenoiser/Content/NNE_oidn2-3-0_rt_hdr_alb_nrm_small__dyn__fp16_opset11_DenoiseAlpha.uasset" 994
"../../../Engine/Plugins/NNE/NNEDenoiser/Content/NNE_oidn2-3-0_rt_hdr_alb_nrm_small__dyn__fp16_opset11_DenoiseAlpha.uexp" 995
"../../../Engine/Plugins/NNE/NNEDenoiser/Content/NNED_Oidn2-3_HighQuality_Alpha.uasset" 996
"../../../Engine/Plugins/NNE/NNEDenoiser/Content/NNED_Oidn2-3_HighQuality_Alpha.uexp" 997
"../../../Engine/Plugins/NNE/NNEDenoiser/Content/NNED_Oidn2-3_HighQuality.uasset" 998
"../../../Engine/Plugins/NNE/NNEDenoiser/Content/NNED_Oidn2-3_HighQuality.uexp" 999
"../../../Engine/Plugins/NNE/NNEDenoiser/Content/NNED_Oidn2-3_Fast_Alpha.uasset" 1000
"../../../Engine/Plugins/NNE/NNEDenoiser/Content/NNED_Oidn2-3_Fast_Alpha.uexp" 1001
"../../../Engine/Plugins/NNE/NNEDenoiser/Content/NNED_Oidn2-3_Fast.uasset" 1002
"../../../Engine/Plugins/NNE/NNEDenoiser/Content/NNED_Oidn2-3_Fast.uexp" 1003
"../../../Engine/Plugins/NNE/NNEDenoiser/Content/NNED_Oidn2-3_Balanced_Alpha.uasset" 1004
"../../../Engine/Plugins/NNE/NNEDenoiser/Content/NNED_Oidn2-3_Balanced_Alpha.uexp" 1005
"../../../Engine/Plugins/NNE/NNEDenoiser/Content/NNED_Oidn2-3_Balanced.uasset" 1006
"../../../Engine/Plugins/NNE/NNEDenoiser/Content/NNED_Oidn2-3_Balanced.uexp" 1007
"../../../Engine/Plugins/NNE/NNEDenoiser/Content/NNEDT_Oidn2-3_Balanced_Alpha.uasset" 1008
"../../../Engine/Plugins/NNE/NNEDenoiser/Content/NNEDT_Oidn2-3_Balanced_Alpha.uexp" 1009
"../../../Engine/Plugins/NNE/NNEDenoiser/Content/NNEDT_Oidn2-3_Balanced.uasset" 1010
"../../../Engine/Plugins/NNE/NNEDenoiser/Content/NNEDT_Oidn2-3_Balanced.uexp" 1011
"../../../Engine/Plugins/Animation/DeformerGraph/Content/Deformers/DG_LinearBlendSkin_Morph_Cloth_RecomputeNormals.uasset" 1012
"../../../Engine/Plugins/Animation/DeformerGraph/Content/Deformers/DG_LinearBlendSkin_Morph_Cloth_RecomputeNormals.uexp" 1013
"../../../Engine/Plugins/Animation/DeformerGraph/Content/Deformers/DG_LinearBlendSkin_Morph_Cloth.uasset" 1014
"../../../Engine/Plugins/Animation/DeformerGraph/Content/Deformers/DG_LinearBlendSkin_Morph_Cloth.uexp" 1015
"../../../Engine/Plugins/Animation/DeformerGraph/Content/DeformerFunctions/DG_Function_LinearBlendSkin_Morph_Cloth_PositionOnly.uasset" 1016
"../../../Engine/Plugins/Animation/DeformerGraph/Content/DeformerFunctions/DG_Function_LinearBlendSkin_Morph_Cloth_PositionOnly.uexp" 1017
"../../../Engine/Plugins/Animation/DeformerGraph/Content/DeformerFunctions/DG_Function_LinearBlendSkin_Morph_Cloth.uasset" 1018
"../../../Engine/Plugins/Animation/DeformerGraph/Content/DeformerFunctions/DG_Function_LinearBlendSkin_Morph_Cloth.uexp" 1019
"../../../Engine/Plugins/Animation/DeformerGraph/Content/DeformerFunctions/DG_Function_ComputeNormalsTangents.uasset" 1020
"../../../Engine/Plugins/Animation/DeformerGraph/Content/DeformerFunctions/DG_Function_ComputeNormalsTangents.uexp" 1021
"../../../Engine/Content/VREditor/TransformGizmo/StartRotationHandleIndicator.ubulk" 1022
"../../../Engine/Content/VREditor/TransformGizmo/StartRotationHandleIndicator.uasset" 1023
"../../../Engine/Content/VREditor/TransformGizmo/StartRotationHandleIndicator.uexp" 1024
"../../../Engine/Content/VREditor/Sounds/UI/Drop_Item_From_ContentBrowser.ubulk" 1025
"../../../Engine/Content/VREditor/Sounds/UI/Drop_Item_From_ContentBrowser.uasset" 1026
"../../../Engine/Content/VREditor/Sounds/UI/Drop_Item_From_ContentBrowser.uexp" 1027
"../../../Engine/Content/VREditor/TransformGizmo/PlaneTranslationHandle.ubulk" 1028
"../../../Engine/Content/VREditor/TransformGizmo/PlaneTranslationHandle.uasset" 1029
"../../../Engine/Content/VREditor/TransformGizmo/PlaneTranslationHandle.uexp" 1030
"../../../Engine/Content/VREditor/Sounds/UI/Object_Snaps_To_Grid.ubulk" 1031
"../../../Engine/Content/VREditor/Sounds/UI/Object_Snaps_To_Grid.uasset" 1032
"../../../Engine/Content/VREditor/Sounds/UI/Object_Snaps_To_Grid.uexp" 1033
"../../../Engine/Content/VREditor/Sounds/UI/Selection_Changes.ubulk" 1034
"../../../Engine/Content/VREditor/Sounds/UI/Selection_Changes.uasset" 1035
"../../../Engine/Content/VREditor/Sounds/UI/Selection_Changes.uexp" 1036
"../../../Engine/Content/VREditor/Sounds/UI/Object_Snaps_To_Another_Actor.ubulk" 1037
"../../../Engine/Content/VREditor/Sounds/UI/Object_Snaps_To_Another_Actor.uasset" 1038
"../../../Engine/Content/VREditor/Sounds/UI/Object_Snaps_To_Another_Actor.uexp" 1039
"../../../Engine/Content/VREditor/TransformGizmo/TranslucentTransformGizmoMaterial_Inst.uasset" 1040
"../../../Engine/Content/VREditor/TransformGizmo/TranslucentTransformGizmoMaterial_Inst.uexp" 1041
"../../../Engine/Content/VREditor/TransformGizmo/TransformGizmoFreeRotation.ubulk" 1042
"../../../Engine/Content/VREditor/TransformGizmo/TransformGizmoFreeRotation.uasset" 1043
"../../../Engine/Content/VREditor/TransformGizmo/TransformGizmoFreeRotation.uexp" 1044
"../../../Engine/Content/VREditor/Sounds/UI/Scaling_Down.ubulk" 1045
"../../../Engine/Content/VREditor/Sounds/UI/Scaling_Down.uasset" 1046
"../../../Engine/Content/VREditor/Sounds/UI/Scaling_Down.uexp" 1047
"../../../Engine/Content/Functions/Engine_MaterialFunctions02/SplitComponents.uasset" 1048
"../../../Engine/Content/Functions/Engine_MaterialFunctions02/SplitComponents.uexp" 1049
"../../../Engine/Content/VREditor/SnapGrid/SnapGridMaterial.uasset" 1050
"../../../Engine/Content/VREditor/SnapGrid/SnapGridMaterial.uexp" 1051
"../../../Engine/Content/VREditor/SnapGrid/SnapGridPlaneMesh.ubulk" 1052
"../../../Engine/Content/VREditor/SnapGrid/SnapGridPlaneMesh.uasset" 1053
"../../../Engine/Content/VREditor/SnapGrid/SnapGridPlaneMesh.uexp" 1054
"../../../Engine/Content/VREditor/Sounds/UI/Scaling_Up.ubulk" 1055
"../../../Engine/Content/VREditor/Sounds/UI/Scaling_Up.uasset" 1056
"../../../Engine/Content/VREditor/Sounds/UI/Scaling_Up.uexp" 1057
"../../../Engine/Content/VREditor/TransformGizmo/TransformGizmoMaterial_Inst.uasset" 1058
"../../../Engine/Content/VREditor/TransformGizmo/TransformGizmoMaterial_Inst.uexp" 1059
"../../../Engine/Content/VREditor/Sounds/UI/Gizmo_Handle_Clicked.ubulk" 1060
"../../../Engine/Content/VREditor/Sounds/UI/Gizmo_Handle_Clicked.uasset" 1061
"../../../Engine/Content/VREditor/Sounds/UI/Gizmo_Handle_Clicked.uexp" 1062
"../../../Engine/Content/VREditor/TransformGizmo/RotationHandleQuarter.ubulk" 1063
"../../../Engine/Content/VREditor/TransformGizmo/RotationHandleQuarter.uasset" 1064
"../../../Engine/Content/VREditor/TransformGizmo/RotationHandleQuarter.uexp" 1065
"../../../Engine/Content/VREditor/TransformGizmo/TranslateArrowHandle.ubulk" 1066
"../../../Engine/Content/VREditor/TransformGizmo/TranslateArrowHandle.uasset" 1067
"../../../Engine/Content/VREditor/TransformGizmo/TranslateArrowHandle.uexp" 1068
"../../../Engine/Content/VREditor/TransformGizmo/RotationHandleIndicator.ubulk" 1069
"../../../Engine/Content/VREditor/TransformGizmo/RotationHandleIndicator.uasset" 1070
"../../../Engine/Content/VREditor/TransformGizmo/RotationHandleIndicator.uexp" 1071
"../../../Engine/Content/VREditor/TransformGizmo/UniformScaleHandle.ubulk" 1072
"../../../Engine/Content/VREditor/TransformGizmo/UniformScaleHandle.uasset" 1073
"../../../Engine/Content/VREditor/TransformGizmo/UniformScaleHandle.uexp" 1074
"../../../Engine/Content/VREditor/TransformGizmo/RotationHandleFull.ubulk" 1075
"../../../Engine/Content/VREditor/TransformGizmo/RotationHandleFull.uasset" 1076
"../../../Engine/Content/VREditor/TransformGizmo/RotationHandleFull.uexp" 1077
"../../../Engine/Content/VREditor/Sounds/UI/Object_PickUp.ubulk" 1078
"../../../Engine/Content/VREditor/Sounds/UI/Object_PickUp.uasset" 1079
"../../../Engine/Content/VREditor/Sounds/UI/Object_PickUp.uexp" 1080
"../../../Engine/Content/EngineResources/LandscapeVisibilityLayerInfo.uasset" 1081
"../../../Engine/Content/EngineResources/LandscapeVisibilityLayerInfo.uexp" 1082
"../../../Engine/Plugins/MovieScene/MovieRenderPipeline/Content/Blueprints/UI_MovieRenderPipelineInfoTableRow.uasset" 1083
"../../../Engine/Plugins/MovieScene/MovieRenderPipeline/Content/Blueprints/UI_MovieRenderPipelineInfoTableRow.uexp" 1084
"../../../Engine/Content/ArtTools/RenderToTexture/Textures/127grey.uasset" 1085
"../../../Engine/Content/ArtTools/RenderToTexture/Textures/127grey.uexp" 1086
"../../../Engine/Plugins/MovieScene/MovieRenderPipeline/Content/Blueprints/M_MoviePipelineRenderPreview.uasset" 1087
"../../../Engine/Plugins/MovieScene/MovieRenderPipeline/Content/Blueprints/M_MoviePipelineRenderPreview.uexp" 1088
"../../../Engine/Plugins/MovieScene/MovieRenderPipeline/Content/Blueprints/UI_MovieRenderPipelineScreenOverlay.uasset" 1089
"../../../Engine/Plugins/MovieScene/MovieRenderPipeline/Content/Blueprints/UI_MovieRenderPipelineScreenOverlay.uexp" 1090
"../../../Engine/Plugins/MovieScene/MovieRenderPipeline/Content/Blueprints/Graph/T_MovieGraph_TransparencyBG.uasset" 1091
"../../../Engine/Plugins/MovieScene/MovieRenderPipeline/Content/Blueprints/Graph/T_MovieGraph_TransparencyBG.uexp" 1092
"../../../Engine/Plugins/MovieScene/MovieRenderPipeline/Content/Blueprints/Graph/UI_MovieGraphImagePreview.uasset" 1093
"../../../Engine/Plugins/MovieScene/MovieRenderPipeline/Content/Blueprints/Graph/UI_MovieGraphImagePreview.uexp" 1094
"../../../Engine/Content/EditorBlueprintResources/StandardMacros.uasset" 1095
"../../../Engine/Content/EditorBlueprintResources/StandardMacros.uexp" 1096
"../../../Engine/Plugins/MovieScene/MovieRenderPipeline/Content/Blueprints/UI_MovieGraphPipelineScreenOverlay.uasset" 1097
"../../../Engine/Plugins/MovieScene/MovieRenderPipeline/Content/Blueprints/UI_MovieGraphPipelineScreenOverlay.uexp" 1098
"../../../Engine/Content/EngineFonts/Faces/DroidSansMono.uexp" 1099
"../../../Engine/Content/EngineFonts/Faces/DroidSansMono.uasset" 1100
"../../../Engine/Content/EngineFonts/Faces/DroidSansMono.ufont" 1101
"../../../Engine/Content/EngineFonts/DroidSansMono.uasset" 1102
"../../../Engine/Content/EngineFonts/DroidSansMono.uexp" 1103
"../../../Engine/Plugins/MovieScene/MovieRenderPipeline/Content/Blueprints/DefaultBurnIn.uasset" 1104
"../../../Engine/Plugins/MovieScene/MovieRenderPipeline/Content/Blueprints/DefaultBurnIn.uexp" 1105
"../../../Engine/Plugins/MovieScene/MovieRenderPipeline/Content/Blueprints/Graph/DefaultGraphBurnIn.uasset" 1106
"../../../Engine/Plugins/MovieScene/MovieRenderPipeline/Content/Blueprints/Graph/DefaultGraphBurnIn.uexp" 1107
"D:/FinalyearProject/FinalYearProject/Content/Roads.uexp" 1108
"D:/FinalyearProject/FinalYearProject/Content/Roads.umap" 1109
"../../../Engine/Content/Maps/Entry_BuiltData.uasset" 1110
"../../../Engine/Content/Maps/Entry_BuiltData.uexp" 1111
"../../../Engine/Content/Maps/Entry.uexp" 1112
"../../../Engine/Content/Maps/Entry.umap" 1113
"../../../Engine/Content/BasicShapes/Cube.ubulk" 1114
"../../../Engine/Content/BasicShapes/Cube.uasset" 1115
"../../../Engine/Content/BasicShapes/Cube.uexp" 1116
"../../../Engine/Content/BasicShapes/Cylinder.ubulk" 1117
"../../../Engine/Content/BasicShapes/Cylinder.uasset" 1118
"../../../Engine/Content/BasicShapes/Cylinder.uexp" 1119
"../../../Engine/Content/BasicShapes/Plane.ubulk" 1120
"../../../Engine/Content/BasicShapes/Plane.uasset" 1121
"../../../Engine/Content/BasicShapes/Plane.uexp" 1122
"D:/FinalyearProject/FinalYearProject/Content/TokyoStylizedEnvironment/Textures/T_Window01_Emissive.ubulk" 1123
"D:/FinalyearProject/FinalYearProject/Content/TokyoStylizedEnvironment/Textures/T_Window01_Emissive.uasset" 1124
"D:/FinalyearProject/FinalYearProject/Content/TokyoStylizedEnvironment/Textures/T_Window01_Emissive.uexp" 1125
"D:/FinalyearProject/FinalYearProject/Content/TokyoStylizedEnvironment/Textures/T_Window01_RMO.ubulk" 1126
"D:/FinalyearProject/FinalYearProject/Content/TokyoStylizedEnvironment/Textures/T_Window01_RMO.uasset" 1127
"D:/FinalyearProject/FinalYearProject/Content/TokyoStylizedEnvironment/Textures/T_Window01_RMO.uexp" 1128
"D:/FinalyearProject/FinalYearProject/Content/TokyoStylizedEnvironment/Textures/T_Window01_Base.ubulk" 1129
"D:/FinalyearProject/FinalYearProject/Content/TokyoStylizedEnvironment/Textures/T_Window01_Base.uasset" 1130
"D:/FinalyearProject/FinalYearProject/Content/TokyoStylizedEnvironment/Textures/T_Window01_Base.uexp" 1131
"D:/FinalyearProject/FinalYearProject/Content/TokyoStylizedEnvironment/Textures/T_Window01_Normal.ubulk" 1132
"D:/FinalyearProject/FinalYearProject/Content/TokyoStylizedEnvironment/Textures/T_Window01_Normal.uasset" 1133
"D:/FinalyearProject/FinalYearProject/Content/TokyoStylizedEnvironment/Textures/T_Window01_Normal.uexp" 1134
"D:/FinalyearProject/FinalYearProject/Content/TokyoStylizedEnvironment/Materials/Trim_Window01/M_Window01.uasset" 1135
"D:/FinalyearProject/FinalYearProject/Content/TokyoStylizedEnvironment/Materials/Trim_Window01/M_Window01.uexp" 1136
"D:/FinalyearProject/FinalYearProject/Content/TokyoStylizedEnvironment/Meshes/Building_Decor/SM_Window06.ubulk" 1137
"D:/FinalyearProject/FinalYearProject/Content/TokyoStylizedEnvironment/Meshes/Building_Decor/SM_Window06.uasset" 1138
"D:/FinalyearProject/FinalYearProject/Content/TokyoStylizedEnvironment/Meshes/Building_Decor/SM_Window06.uexp" 1139
"D:/FinalyearProject/FinalYearProject/Content/TokyoStylizedEnvironment/Materials/Trim_Window01/M_Window04.uasset" 1140
"D:/FinalyearProject/FinalYearProject/Content/TokyoStylizedEnvironment/Materials/Trim_Window01/M_Window04.uexp" 1141
"D:/FinalyearProject/FinalYearProject/Content/TokyoStylizedEnvironment/Materials/Tile_Glass/M_Glass.uasset" 1142
"D:/FinalyearProject/FinalYearProject/Content/TokyoStylizedEnvironment/Materials/Tile_Glass/M_Glass.uexp" 1143
"D:/FinalyearProject/FinalYearProject/Content/TokyoStylizedEnvironment/Materials/Tile_Panel_Plain/MI_Panel_Basic_White.uasset" 1144
"D:/FinalyearProject/FinalYearProject/Content/TokyoStylizedEnvironment/Materials/Tile_Panel_Plain/MI_Panel_Basic_White.uexp" 1145
"D:/FinalyearProject/FinalYearProject/Content/AssetsvilleTown/Textures/Base/T_colorPalette_METAL.ubulk" 1146
"D:/FinalyearProject/FinalYearProject/Content/AssetsvilleTown/Textures/Base/T_colorPalette_METAL.uasset" 1147
"D:/FinalyearProject/FinalYearProject/Content/AssetsvilleTown/Textures/Base/T_colorPalette_METAL.uexp" 1148
"D:/FinalyearProject/FinalYearProject/Content/AssetsvilleTown/Textures/Base/T_colorPalette2048.ubulk" 1149
"D:/FinalyearProject/FinalYearProject/Content/AssetsvilleTown/Textures/Base/T_colorPalette2048.uasset" 1150
"D:/FinalyearProject/FinalYearProject/Content/AssetsvilleTown/Textures/Base/T_colorPalette2048.uexp" 1151
"D:/FinalyearProject/FinalYearProject/Content/AssetsvilleTown/Materials/MasterMaterials/M_BaseColorPalette.uasset" 1152
"D:/FinalyearProject/FinalYearProject/Content/AssetsvilleTown/Materials/MasterMaterials/M_BaseColorPalette.uexp" 1153
"D:/FinalyearProject/FinalYearProject/Content/AssetsvilleTown/Meshes/StreetProps/SM_trash.ubulk" 1154
"D:/FinalyearProject/FinalYearProject/Content/AssetsvilleTown/Meshes/StreetProps/SM_trash.uasset" 1155
"D:/FinalyearProject/FinalYearProject/Content/AssetsvilleTown/Meshes/StreetProps/SM_trash.uexp" 1156
"D:/FinalyearProject/FinalYearProject/Content/TokyoStylizedEnvironment/Textures/T_Decal01_Base.ubulk" 1157
"D:/FinalyearProject/FinalYearProject/Content/TokyoStylizedEnvironment/Textures/T_Decal01_Base.uasset" 1158
"D:/FinalyearProject/FinalYearProject/Content/TokyoStylizedEnvironment/Textures/T_Decal01_Base.uexp" 1159
"D:/FinalyearProject/FinalYearProject/Content/TokyoStylizedEnvironment/Materials/Trim_Decal01/M_Decal01.uasset" 1160
"D:/FinalyearProject/FinalYearProject/Content/TokyoStylizedEnvironment/Materials/Trim_Decal01/M_Decal01.uexp" 1161
"D:/FinalyearProject/FinalYearProject/Content/TokyoStylizedEnvironment/Materials/Trim_Decal01/MI_Decal01_Dark02.uasset" 1162
"D:/FinalyearProject/FinalYearProject/Content/TokyoStylizedEnvironment/Materials/Trim_Decal01/MI_Decal01_Dark02.uexp" 1163
"D:/FinalyearProject/FinalYearProject/Content/TokyoStylizedEnvironment/Meshes/Road_Props/SM_Road_Drain02.ubulk" 1164
"D:/FinalyearProject/FinalYearProject/Content/TokyoStylizedEnvironment/Meshes/Road_Props/SM_Road_Drain02.uasset" 1165
"D:/FinalyearProject/FinalYearProject/Content/TokyoStylizedEnvironment/Meshes/Road_Props/SM_Road_Drain02.uexp" 1166
"D:/FinalyearProject/FinalYearProject/Content/TokyoStylizedEnvironment/Textures/T_UtilityTrim_Normal.ubulk" 1167
"D:/FinalyearProject/FinalYearProject/Content/TokyoStylizedEnvironment/Textures/T_UtilityTrim_Normal.uasset" 1168
"D:/FinalyearProject/FinalYearProject/Content/TokyoStylizedEnvironment/Textures/T_UtilityTrim_Normal.uexp" 1169
"D:/FinalyearProject/FinalYearProject/Content/TokyoStylizedEnvironment/Textures/T_UtilityTrim_Base.ubulk" 1170
"D:/FinalyearProject/FinalYearProject/Content/TokyoStylizedEnvironment/Textures/T_UtilityTrim_Base.uasset" 1171
"D:/FinalyearProject/FinalYearProject/Content/TokyoStylizedEnvironment/Textures/T_UtilityTrim_Base.uexp" 1172
"D:/FinalyearProject/FinalYearProject/Content/TokyoStylizedEnvironment/Textures/T_UtilityTrim_RMO.ubulk" 1173
"D:/FinalyearProject/FinalYearProject/Content/TokyoStylizedEnvironment/Textures/T_UtilityTrim_RMO.uasset" 1174
"D:/FinalyearProject/FinalYearProject/Content/TokyoStylizedEnvironment/Textures/T_UtilityTrim_RMO.uexp" 1175
"D:/FinalyearProject/FinalYearProject/Content/TokyoStylizedEnvironment/Materials/Trim_UtilityTrim/MI_UtilityTrim.uasset" 1176
"D:/FinalyearProject/FinalYearProject/Content/TokyoStylizedEnvironment/Materials/Trim_UtilityTrim/MI_UtilityTrim.uexp" 1177
"D:/FinalyearProject/FinalYearProject/Content/TokyoStylizedEnvironment/Meshes/Building_Decor/SM_Vent02.ubulk" 1178
"D:/FinalyearProject/FinalYearProject/Content/TokyoStylizedEnvironment/Meshes/Building_Decor/SM_Vent02.uasset" 1179
"D:/FinalyearProject/FinalYearProject/Content/TokyoStylizedEnvironment/Meshes/Building_Decor/SM_Vent02.uexp" 1180
"D:/FinalyearProject/FinalYearProject/Content/TokyoStylizedEnvironment/Materials/Trim_Decal01/M_DecalMasked.uasset" 1181
"D:/FinalyearProject/FinalYearProject/Content/TokyoStylizedEnvironment/Materials/Trim_Decal01/M_DecalMasked.uexp" 1182
"D:/FinalyearProject/FinalYearProject/Content/TokyoStylizedEnvironment/Materials/Trim_Decal01/MI_DecalMasked_RoadMarking.uasset" 1183
"D:/FinalyearProject/FinalYearProject/Content/TokyoStylizedEnvironment/Materials/Trim_Decal01/MI_DecalMasked_RoadMarking.uexp" 1184
"D:/FinalyearProject/FinalYearProject/Content/TokyoStylizedEnvironment/Meshes/Decals/SM_Decal_RoadMarking01.ubulk" 1185
"D:/FinalyearProject/FinalYearProject/Content/TokyoStylizedEnvironment/Meshes/Decals/SM_Decal_RoadMarking01.uasset" 1186
"D:/FinalyearProject/FinalYearProject/Content/TokyoStylizedEnvironment/Meshes/Decals/SM_Decal_RoadMarking01.uexp" 1187
"D:/FinalyearProject/FinalYearProject/Content/TokyoStylizedEnvironment/Materials/Emissive_Light/M_Emissive.uasset" 1188
"D:/FinalyearProject/FinalYearProject/Content/TokyoStylizedEnvironment/Materials/Emissive_Light/M_Emissive.uexp" 1189
"D:/FinalyearProject/FinalYearProject/Content/TokyoStylizedEnvironment/Materials/Emissive_Light/MI_Emissive_Purple.uasset" 1190
"D:/FinalyearProject/FinalYearProject/Content/TokyoStylizedEnvironment/Materials/Emissive_Light/MI_Emissive_Purple.uexp" 1191
"D:/FinalyearProject/FinalYearProject/Content/TokyoStylizedEnvironment/Textures/T_TileStack_Gray2.ubulk" 1192
"D:/FinalyearProject/FinalYearProject/Content/TokyoStylizedEnvironment/Textures/T_TileStack_Gray2.uasset" 1193
"D:/FinalyearProject/FinalYearProject/Content/TokyoStylizedEnvironment/Textures/T_TileStack_Gray2.uexp" 1194
"D:/FinalyearProject/FinalYearProject/Content/TokyoStylizedEnvironment/Textures/Buildings/WorldAlignedTextureTiles10.uasset" 1195
"D:/FinalyearProject/FinalYearProject/Content/TokyoStylizedEnvironment/Textures/Buildings/WorldAlignedTextureTiles10.uexp" 1196
"D:/FinalyearProject/FinalYearProject/Content/TokyoStylizedEnvironment/Meshes/Building_Decor/SM_Window02.ubulk" 1197
"D:/FinalyearProject/FinalYearProject/Content/TokyoStylizedEnvironment/Meshes/Building_Decor/SM_Window02.uasset" 1198
"D:/FinalyearProject/FinalYearProject/Content/TokyoStylizedEnvironment/Meshes/Building_Decor/SM_Window02.uexp" 1199
"D:/FinalyearProject/FinalYearProject/Content/TokyoStylizedEnvironment/Textures/T_Leaves01_Opacity.ubulk" 1200
"D:/FinalyearProject/FinalYearProject/Content/TokyoStylizedEnvironment/Textures/T_Leaves01_Opacity.uasset" 1201
"D:/FinalyearProject/FinalYearProject/Content/TokyoStylizedEnvironment/Textures/T_Leaves01_Opacity.uexp" 1202
"D:/FinalyearProject/FinalYearProject/Content/TokyoStylizedEnvironment/Textures/T_Gradient.ubulk" 1203
"D:/FinalyearProject/FinalYearProject/Content/TokyoStylizedEnvironment/Textures/T_Gradient.uasset" 1204
"D:/FinalyearProject/FinalYearProject/Content/TokyoStylizedEnvironment/Textures/T_Gradient.uexp" 1205
"../../../Engine/Content/Functions/Engine_MaterialFunctions01/WorldPositionOffset/SimpleGrassWind.uasset" 1206
"../../../Engine/Content/Functions/Engine_MaterialFunctions01/WorldPositionOffset/SimpleGrassWind.uexp" 1207
"D:/FinalyearProject/FinalYearProject/Content/TokyoStylizedEnvironment/Materials/Foliage_Tree01/M_Leaves01.uasset" 1208
"D:/FinalyearProject/FinalYearProject/Content/TokyoStylizedEnvironment/Materials/Foliage_Tree01/M_Leaves01.uexp" 1209
"D:/FinalyearProject/FinalYearProject/Content/TokyoStylizedEnvironment/Materials/Foliage_Tree01/MI_Leaves01_Standard.uasset" 1210
"D:/FinalyearProject/FinalYearProject/Content/TokyoStylizedEnvironment/Materials/Foliage_Tree01/MI_Leaves01_Standard.uexp" 1211
"D:/FinalyearProject/FinalYearProject/Content/TokyoStylizedEnvironment/Materials/Foliage_Tree01/MI_Bush_Standard.uasset" 1212
"D:/FinalyearProject/FinalYearProject/Content/TokyoStylizedEnvironment/Materials/Foliage_Tree01/MI_Bush_Standard.uexp" 1213
"D:/FinalyearProject/FinalYearProject/Content/TokyoStylizedEnvironment/Meshes/Foliages/SM_Bush01.ubulk" 1214
"D:/FinalyearProject/FinalYearProject/Content/TokyoStylizedEnvironment/Meshes/Foliages/SM_Bush01.uasset" 1215
"D:/FinalyearProject/FinalYearProject/Content/TokyoStylizedEnvironment/Meshes/Foliages/SM_Bush01.uexp" 1216
"D:/FinalyearProject/FinalYearProject/Content/TokyoStylizedEnvironment/Textures/T_TileStack_Teal.ubulk" 1217
"D:/FinalyearProject/FinalYearProject/Content/TokyoStylizedEnvironment/Textures/T_TileStack_Teal.uasset" 1218
"D:/FinalyearProject/FinalYearProject/Content/TokyoStylizedEnvironment/Textures/T_TileStack_Teal.uexp" 1219
"D:/FinalyearProject/FinalYearProject/Content/TokyoStylizedEnvironment/Textures/Buildings/WorldAlignedTextureTiles1.uasset" 1220
"D:/FinalyearProject/FinalYearProject/Content/TokyoStylizedEnvironment/Textures/Buildings/WorldAlignedTextureTiles1.uexp" 1221
"../../../Engine/Content/Functions/Engine_MaterialFunctions03/Blends/Blend_Overlay.uasset" 1222
"../../../Engine/Content/Functions/Engine_MaterialFunctions03/Blends/Blend_Overlay.uexp" 1223
"D:/FinalyearProject/FinalYearProject/Content/Asian_Village/textures/building_textures/wooden_fence/T_wooden_fence_Normal.ubulk" 1224
"D:/FinalyearProject/FinalYearProject/Content/Asian_Village/textures/building_textures/wooden_fence/T_wooden_fence_Normal.uasset" 1225
"D:/FinalyearProject/FinalYearProject/Content/Asian_Village/textures/building_textures/wooden_fence/T_wooden_fence_Normal.uexp" 1226
"D:/FinalyearProject/FinalYearProject/Content/Asian_Village/textures/building_textures/wooden_fence/T_wooden_fence_BaseColor.ubulk" 1227
"D:/FinalyearProject/FinalYearProject/Content/Asian_Village/textures/building_textures/wooden_fence/T_wooden_fence_BaseColor.uasset" 1228
"D:/FinalyearProject/FinalYearProject/Content/Asian_Village/textures/building_textures/wooden_fence/T_wooden_fence_BaseColor.uexp" 1229
"D:/FinalyearProject/FinalYearProject/Content/Asian_Village/materials/building_materials/M_wooden_fence.uasset" 1230
"D:/FinalyearProject/FinalYearProject/Content/Asian_Village/materials/building_materials/M_wooden_fence.uexp" 1231
"D:/FinalyearProject/FinalYearProject/Content/Asian_Village/materials/building_materials/MI_wooden_fence_01_Inst.uasset" 1232
"D:/FinalyearProject/FinalYearProject/Content/Asian_Village/materials/building_materials/MI_wooden_fence_01_Inst.uexp" 1233
"D:/FinalyearProject/FinalYearProject/Content/Asian_Village/textures/building_textures/base_textures/wallpaper/T_wicker_wallpaper_BaseColor.ubulk" 1234
"D:/FinalyearProject/FinalYearProject/Content/Asian_Village/textures/building_textures/base_textures/wallpaper/T_wicker_wallpaper_BaseColor.uasset" 1235
"D:/FinalyearProject/FinalYearProject/Content/Asian_Village/textures/building_textures/base_textures/wallpaper/T_wicker_wallpaper_BaseColor.uexp" 1236
"D:/FinalyearProject/FinalYearProject/Content/Asian_Village/textures/building_textures/base_textures/wallpaper/T_wicker_wallpaper_Normal.ubulk" 1237
"D:/FinalyearProject/FinalYearProject/Content/Asian_Village/textures/building_textures/base_textures/wallpaper/T_wicker_wallpaper_Normal.uasset" 1238
"D:/FinalyearProject/FinalYearProject/Content/Asian_Village/textures/building_textures/base_textures/wallpaper/T_wicker_wallpaper_Normal.uexp" 1239
"D:/FinalyearProject/FinalYearProject/Content/Asian_Village/materials/building_materials/base_materials/M_wicker_wallpaper.uasset" 1240
"D:/FinalyearProject/FinalYearProject/Content/Asian_Village/materials/building_materials/base_materials/M_wicker_wallpaper.uexp" 1241
"D:/FinalyearProject/FinalYearProject/Content/Asian_Village/materials/building_materials/base_materials/MI_wicker_wallpaper_01_Inst.uasset" 1242
"D:/FinalyearProject/FinalYearProject/Content/Asian_Village/materials/building_materials/base_materials/MI_wicker_wallpaper_01_Inst.uexp" 1243
"D:/FinalyearProject/FinalYearProject/Content/Asian_Village/textures/landscape_textures/moss/T_moss_BaseColor.ubulk" 1244
"D:/FinalyearProject/FinalYearProject/Content/Asian_Village/textures/landscape_textures/moss/T_moss_BaseColor.uasset" 1245
"D:/FinalyearProject/FinalYearProject/Content/Asian_Village/textures/landscape_textures/moss/T_moss_BaseColor.uexp" 1246
"D:/FinalyearProject/FinalYearProject/Content/Asian_Village/textures/trees_textures/T_bark_01_BaseColor.ubulk" 1247
"D:/FinalyearProject/FinalYearProject/Content/Asian_Village/textures/trees_textures/T_bark_01_BaseColor.uasset" 1248
"D:/FinalyearProject/FinalYearProject/Content/Asian_Village/textures/trees_textures/T_bark_01_BaseColor.uexp" 1249
"../../../Engine/Content/Functions/Engine_MaterialFunctions01/AlphaBlend/WorldAlignedBlend.uasset" 1250
"../../../Engine/Content/Functions/Engine_MaterialFunctions01/AlphaBlend/WorldAlignedBlend.uexp" 1251
"D:/FinalyearProject/FinalYearProject/Content/Asian_Village/textures/trees_textures/T_bark_01_Normal.ubulk" 1252
"D:/FinalyearProject/FinalYearProject/Content/Asian_Village/textures/trees_textures/T_bark_01_Normal.uasset" 1253
"D:/FinalyearProject/FinalYearProject/Content/Asian_Village/textures/trees_textures/T_bark_01_Normal.uexp" 1254
"../../../Engine/Content/Functions/Engine_MaterialFunctions02/WorldPositionOffset/ObjectPivotPoint.uasset" 1255
"../../../Engine/Content/Functions/Engine_MaterialFunctions02/WorldPositionOffset/ObjectPivotPoint.uexp" 1256
"D:/FinalyearProject/FinalYearProject/Content/Asian_Village/materials/trees_materials/M_bark.uasset" 1257
"D:/FinalyearProject/FinalYearProject/Content/Asian_Village/materials/trees_materials/M_bark.uexp" 1258
"D:/FinalyearProject/FinalYearProject/Content/Asian_Village/materials/trees_materials/MI_bark_01_Inst.uasset" 1259
"D:/FinalyearProject/FinalYearProject/Content/Asian_Village/materials/trees_materials/MI_bark_01_Inst.uexp" 1260
"D:/FinalyearProject/FinalYearProject/Content/Asian_Village/materials/trees_materials/MI_bark_05_Inst.uasset" 1261
"D:/FinalyearProject/FinalYearProject/Content/Asian_Village/materials/trees_materials/MI_bark_05_Inst.uexp" 1262
"D:/FinalyearProject/FinalYearProject/Content/Asian_Village/materials/trees_materials/MI_bark_06_Inst.uasset" 1263
"D:/FinalyearProject/FinalYearProject/Content/Asian_Village/materials/trees_materials/MI_bark_06_Inst.uexp" 1264
"D:/FinalyearProject/FinalYearProject/Content/Asian_Village/meshes/props/SM_market_tent_02.ubulk" 1265
"D:/FinalyearProject/FinalYearProject/Content/Asian_Village/meshes/props/SM_market_tent_02.uasset" 1266
"D:/FinalyearProject/FinalYearProject/Content/Asian_Village/meshes/props/SM_market_tent_02.uexp" 1267
"D:/FinalyearProject/FinalYearProject/Content/AssetsvilleTown/Materials/MI_ColorPalette.uasset" 1268
"D:/FinalyearProject/FinalYearProject/Content/AssetsvilleTown/Materials/MI_ColorPalette.uexp" 1269
"D:/FinalyearProject/FinalYearProject/Content/AssetsvilleTown/Meshes/StreetProps/SM_trash_bag.ubulk" 1270
"D:/FinalyearProject/FinalYearProject/Content/AssetsvilleTown/Meshes/StreetProps/SM_trash_bag.uasset" 1271
"D:/FinalyearProject/FinalYearProject/Content/AssetsvilleTown/Meshes/StreetProps/SM_trash_bag.uexp" 1272
"D:/FinalyearProject/FinalYearProject/Content/DreamscapeSeries/SharedResources/Textures/Utility/T_WhiteLinear.uasset" 1273
"D:/FinalyearProject/FinalYearProject/Content/DreamscapeSeries/SharedResources/Textures/Utility/T_WhiteLinear.uexp" 1274
"D:/FinalyearProject/FinalYearProject/Content/DreamscapeSeries/DreamscapeTower/Textures/Foliage/T_Vines_C.ubulk" 1275
"D:/FinalyearProject/FinalYearProject/Content/DreamscapeSeries/DreamscapeTower/Textures/Foliage/T_Vines_C.uasset" 1276
"D:/FinalyearProject/FinalYearProject/Content/DreamscapeSeries/DreamscapeTower/Textures/Foliage/T_Vines_C.uexp" 1277
"D:/FinalyearProject/FinalYearProject/Content/DreamscapeSeries/DreamscapeTower/Textures/Foliage/T_Flowers_Field_CV.ubulk" 1278
"D:/FinalyearProject/FinalYearProject/Content/DreamscapeSeries/DreamscapeTower/Textures/Foliage/T_Flowers_Field_CV.uasset" 1279
"D:/FinalyearProject/FinalYearProject/Content/DreamscapeSeries/DreamscapeTower/Textures/Foliage/T_Flowers_Field_CV.uexp" 1280
"D:/FinalyearProject/FinalYearProject/Content/DreamscapeSeries/SharedResources/Materials/EnvironmentalSettings/Foliage_EnvironmentSettings.uasset" 1281
"D:/FinalyearProject/FinalYearProject/Content/DreamscapeSeries/SharedResources/Materials/EnvironmentalSettings/Foliage_EnvironmentSettings.uexp" 1282
"D:/FinalyearProject/FinalYearProject/Content/DreamscapeSeries/SharedResources/Materials/MF/Common/MF_SimpleWInd.uasset" 1283
"D:/FinalyearProject/FinalYearProject/Content/DreamscapeSeries/SharedResources/Materials/MF/Common/MF_SimpleWInd.uexp" 1284
"D:/FinalyearProject/FinalYearProject/Content/DreamscapeSeries/SharedResources/Textures/Utility/T_White.uasset" 1285
"D:/FinalyearProject/FinalYearProject/Content/DreamscapeSeries/SharedResources/Textures/Utility/T_White.uexp" 1286
"D:/FinalyearProject/FinalYearProject/Content/DreamscapeSeries/SharedResources/Materials/Terrain/RVT_Landscape.uasset" 1287
"D:/FinalyearProject/FinalYearProject/Content/DreamscapeSeries/SharedResources/Materials/Terrain/RVT_Landscape.uexp" 1288
"../../../Engine/Content/Functions/Engine_MaterialFunctions02/Utility/DitherTemporalAA.uasset" 1289
"../../../Engine/Content/Functions/Engine_MaterialFunctions02/Utility/DitherTemporalAA.uexp" 1290
"D:/FinalyearProject/FinalYearProject/Content/DreamscapeSeries/SharedResources/Textures/Utility/T_FlatNormal.uasset" 1291
"D:/FinalyearProject/FinalYearProject/Content/DreamscapeSeries/SharedResources/Textures/Utility/T_FlatNormal.uexp" 1292
"D:/FinalyearProject/FinalYearProject/Content/DreamscapeSeries/SharedResources/Textures/Utility/T_Noise_Clouds_02.ubulk" 1293
"D:/FinalyearProject/FinalYearProject/Content/DreamscapeSeries/SharedResources/Textures/Utility/T_Noise_Clouds_02.uasset" 1294
"D:/FinalyearProject/FinalYearProject/Content/DreamscapeSeries/SharedResources/Textures/Utility/T_Noise_Clouds_02.uexp" 1295
"D:/FinalyearProject/FinalYearProject/Content/DreamscapeSeries/SharedResources/Materials/MF/Common/MF_GustingWind.uasset" 1296
"D:/FinalyearProject/FinalYearProject/Content/DreamscapeSeries/SharedResources/Materials/MF/Common/MF_GustingWind.uexp" 1297
"D:/FinalyearProject/FinalYearProject/Content/DreamscapeSeries/SharedResources/Materials/Foliage/M_Plants_Master.uasset" 1298
"D:/FinalyearProject/FinalYearProject/Content/DreamscapeSeries/SharedResources/Materials/Foliage/M_Plants_Master.uexp" 1299
"D:/FinalyearProject/FinalYearProject/Content/DreamscapeSeries/DreamscapeTower/Textures/Foliage/T_Flowers_Atlas_O.ubulk" 1300
"D:/FinalyearProject/FinalYearProject/Content/DreamscapeSeries/DreamscapeTower/Textures/Foliage/T_Flowers_Atlas_O.uasset" 1301
"D:/FinalyearProject/FinalYearProject/Content/DreamscapeSeries/DreamscapeTower/Textures/Foliage/T_Flowers_Atlas_O.uexp" 1302
"D:/FinalyearProject/FinalYearProject/Content/DreamscapeSeries/DreamscapeTower/Materials/Foliage/MI_Vines.uasset" 1303
"D:/FinalyearProject/FinalYearProject/Content/DreamscapeSeries/DreamscapeTower/Materials/Foliage/MI_Vines.uexp" 1304
"D:/FinalyearProject/FinalYearProject/Content/DreamscapeSeries/DreamscapeTower/Meshes/Foliage/SM_Vines_Tall_01.ubulk" 1305
"D:/FinalyearProject/FinalYearProject/Content/DreamscapeSeries/DreamscapeTower/Meshes/Foliage/SM_Vines_Tall_01.uasset" 1306
"D:/FinalyearProject/FinalYearProject/Content/DreamscapeSeries/DreamscapeTower/Meshes/Foliage/SM_Vines_Tall_01.uexp" 1307
"D:/FinalyearProject/FinalYearProject/Content/Asian_Village/textures/plants_textures/T_plants_BaseColor.ubulk" 1308
"D:/FinalyearProject/FinalYearProject/Content/Asian_Village/textures/plants_textures/T_plants_BaseColor.uasset" 1309
"D:/FinalyearProject/FinalYearProject/Content/Asian_Village/textures/plants_textures/T_plants_BaseColor.uexp" 1310
"D:/FinalyearProject/FinalYearProject/Content/Asian_Village/textures/plants_textures/T_plants_Mask.ubulk" 1311
"D:/FinalyearProject/FinalYearProject/Content/Asian_Village/textures/plants_textures/T_plants_Mask.uasset" 1312
"D:/FinalyearProject/FinalYearProject/Content/Asian_Village/textures/plants_textures/T_plants_Mask.uexp" 1313
"D:/FinalyearProject/FinalYearProject/Content/Asian_Village/materials/plants_materials/M_plants.uasset" 1314
"D:/FinalyearProject/FinalYearProject/Content/Asian_Village/materials/plants_materials/M_plants.uexp" 1315
"D:/FinalyearProject/FinalYearProject/Content/Asian_Village/materials/plants_materials/MI_flower_01_Inst.uasset" 1316
"D:/FinalyearProject/FinalYearProject/Content/Asian_Village/materials/plants_materials/MI_flower_01_Inst.uexp" 1317
"D:/FinalyearProject/FinalYearProject/Content/TokyoStylizedEnvironment/Meshes/Modular_BuildingBlocks/SM_Floor_400x400.ubulk" 1318
"D:/FinalyearProject/FinalYearProject/Content/TokyoStylizedEnvironment/Meshes/Modular_BuildingBlocks/SM_Floor_400x400.uasset" 1319
"D:/FinalyearProject/FinalYearProject/Content/TokyoStylizedEnvironment/Meshes/Modular_BuildingBlocks/SM_Floor_400x400.uexp" 1320
"../../../Engine/Content/Functions/Engine_MaterialFunctions02/Utility/AppendMany.uasset" 1321
"../../../Engine/Content/Functions/Engine_MaterialFunctions02/Utility/AppendMany.uexp" 1322
"D:/FinalyearProject/FinalYearProject/Content/BPs/TVMats/M_TV7.uasset" 1323
"D:/FinalyearProject/FinalYearProject/Content/BPs/TVMats/M_TV7.uexp" 1324
"D:/FinalyearProject/FinalYearProject/Content/Asian_Village/textures/building_textures/base_textures/wood/T_wood_01_Normal.ubulk" 1325
"D:/FinalyearProject/FinalYearProject/Content/Asian_Village/textures/building_textures/base_textures/wood/T_wood_01_Normal.uasset" 1326
"D:/FinalyearProject/FinalYearProject/Content/Asian_Village/textures/building_textures/base_textures/wood/T_wood_01_Normal.uexp" 1327
"D:/FinalyearProject/FinalYearProject/Content/Asian_Village/textures/building_textures/base_textures/wood/T_wood_01_BaseColor.ubulk" 1328
"D:/FinalyearProject/FinalYearProject/Content/Asian_Village/textures/building_textures/base_textures/wood/T_wood_01_BaseColor.uasset" 1329
"D:/FinalyearProject/FinalYearProject/Content/Asian_Village/textures/building_textures/base_textures/wood/T_wood_01_BaseColor.uexp" 1330
"../../../Engine/Content/Functions/Engine_MaterialFunctions02/Utility/BlendAngleCorrectedNormals.uasset" 1331
"../../../Engine/Content/Functions/Engine_MaterialFunctions02/Utility/BlendAngleCorrectedNormals.uexp" 1332
"D:/FinalyearProject/FinalYearProject/Content/Asian_Village/textures/building_textures/building_normal_maps/T_building_01_Normal.ubulk" 1333
"D:/FinalyearProject/FinalYearProject/Content/Asian_Village/textures/building_textures/building_normal_maps/T_building_01_Normal.uasset" 1334
"D:/FinalyearProject/FinalYearProject/Content/Asian_Village/textures/building_textures/building_normal_maps/T_building_01_Normal.uexp" 1335
"D:/FinalyearProject/FinalYearProject/Content/Asian_Village/materials/building_materials/M_building_wood.uasset" 1336
"D:/FinalyearProject/FinalYearProject/Content/Asian_Village/materials/building_materials/M_building_wood.uexp" 1337
"D:/FinalyearProject/FinalYearProject/Content/Asian_Village/materials/building_materials/MI_building_wood_04_Inst.uasset" 1338
"D:/FinalyearProject/FinalYearProject/Content/Asian_Village/materials/building_materials/MI_building_wood_04_Inst.uexp" 1339
"D:/FinalyearProject/FinalYearProject/Content/AssetsvilleTown/Materials/MasterMaterials/M_BaseColorPalette1.uasset" 1340
"D:/FinalyearProject/FinalYearProject/Content/AssetsvilleTown/Materials/MasterMaterials/M_BaseColorPalette1.uexp" 1341
"../../../Engine/Content/ArtTools/RenderToTexture/MaterialFunctions/CheckerPattern.uasset" 1342
"../../../Engine/Content/ArtTools/RenderToTexture/MaterialFunctions/CheckerPattern.uexp" 1343
"../../../Engine/Content/Functions/Engine_MaterialFunctions02/ScreenResolution.uasset" 1344
"../../../Engine/Content/Functions/Engine_MaterialFunctions02/ScreenResolution.uexp" 1345
"../../../Engine/Content/Functions/Engine_MaterialFunctions02/Texturing/ScreenAlignedUVs.uasset" 1346
"../../../Engine/Content/Functions/Engine_MaterialFunctions02/Texturing/ScreenAlignedUVs.uexp" 1347
"../../../Engine/Content/EditorMaterials/Thumbnails/SkySphereMaterial.uasset" 1348
"../../../Engine/Content/EditorMaterials/Thumbnails/SkySphereMaterial.uexp" 1349
"../../../Engine/Content/EditorMeshes/EditorSkySphere.ubulk" 1350
"../../../Engine/Content/EditorMeshes/EditorSkySphere.uasset" 1351
"../../../Engine/Content/EditorMeshes/EditorSkySphere.uexp" 1352
"D:/FinalyearProject/FinalYearProject/Content/TokyoStylizedEnvironment/Materials/Foliage_Tree01/MI_Leaves01_Standard1.uasset" 1353
"D:/FinalyearProject/FinalYearProject/Content/TokyoStylizedEnvironment/Materials/Foliage_Tree01/MI_Leaves01_Standard1.uexp" 1354
"D:/FinalyearProject/FinalYearProject/Content/TokyoStylizedEnvironment/Textures/T_Grass_Normal.ubulk" 1355
"D:/FinalyearProject/FinalYearProject/Content/TokyoStylizedEnvironment/Textures/T_Grass_Normal.uasset" 1356
"D:/FinalyearProject/FinalYearProject/Content/TokyoStylizedEnvironment/Textures/T_Grass_Normal.uexp" 1357
"D:/FinalyearProject/FinalYearProject/Content/TokyoStylizedEnvironment/Textures/T_Grass_RMO.ubulk" 1358
"D:/FinalyearProject/FinalYearProject/Content/TokyoStylizedEnvironment/Textures/T_Grass_RMO.uasset" 1359
"D:/FinalyearProject/FinalYearProject/Content/TokyoStylizedEnvironment/Textures/T_Grass_RMO.uexp" 1360
"D:/FinalyearProject/FinalYearProject/Content/TokyoStylizedEnvironment/Materials/Tile_Grass/MI_Grass.uasset" 1361
"D:/FinalyearProject/FinalYearProject/Content/TokyoStylizedEnvironment/Materials/Tile_Grass/MI_Grass.uexp" 1362
"D:/FinalyearProject/FinalYearProject/Content/TokyoStylizedEnvironment/Meshes/Building_Decor/SM_Vent03.ubulk" 1363
"D:/FinalyearProject/FinalYearProject/Content/TokyoStylizedEnvironment/Meshes/Building_Decor/SM_Vent03.uasset" 1364
"D:/FinalyearProject/FinalYearProject/Content/TokyoStylizedEnvironment/Meshes/Building_Decor/SM_Vent03.uexp" 1365
"D:/FinalyearProject/FinalYearProject/Content/TokyoStylizedEnvironment/Meshes/Road_Props/SM_Road_Manhole03.ubulk" 1366
"D:/FinalyearProject/FinalYearProject/Content/TokyoStylizedEnvironment/Meshes/Road_Props/SM_Road_Manhole03.uasset" 1367
"D:/FinalyearProject/FinalYearProject/Content/TokyoStylizedEnvironment/Meshes/Road_Props/SM_Road_Manhole03.uexp" 1368
"D:/FinalyearProject/FinalYearProject/Content/TokyoStylizedEnvironment/Materials/Tile_Glass/M_Glass_Opaque.uasset" 1369
"D:/FinalyearProject/FinalYearProject/Content/TokyoStylizedEnvironment/Materials/Tile_Glass/M_Glass_Opaque.uexp" 1370
"D:/FinalyearProject/FinalYearProject/Content/TokyoStylizedEnvironment/Materials/Tile_Glass/MI_Glass_Clear.uasset" 1371
"D:/FinalyearProject/FinalYearProject/Content/TokyoStylizedEnvironment/Materials/Tile_Glass/MI_Glass_Clear.uexp" 1372
"D:/FinalyearProject/FinalYearProject/Content/TokyoStylizedEnvironment/Materials/Emissive_Light/MI_Emissive_Warm.uasset" 1373
"D:/FinalyearProject/FinalYearProject/Content/TokyoStylizedEnvironment/Materials/Emissive_Light/MI_Emissive_Warm.uexp" 1374
"D:/FinalyearProject/FinalYearProject/Content/TokyoStylizedEnvironment/Materials/Trim_StreetTrim/MI_StreetTrim_DarkGray.uasset" 1375
"D:/FinalyearProject/FinalYearProject/Content/TokyoStylizedEnvironment/Materials/Trim_StreetTrim/MI_StreetTrim_DarkGray.uexp" 1376
"D:/FinalyearProject/FinalYearProject/Content/TokyoStylizedEnvironment/Meshes/Street_Light/SM_StreetLight02.ubulk" 1377
"D:/FinalyearProject/FinalYearProject/Content/TokyoStylizedEnvironment/Meshes/Street_Light/SM_StreetLight02.uasset" 1378
"D:/FinalyearProject/FinalYearProject/Content/TokyoStylizedEnvironment/Meshes/Street_Light/SM_StreetLight02.uexp" 1379
"D:/FinalyearProject/FinalYearProject/Content/BPs/Ocasional.uasset" 1380
"D:/FinalyearProject/FinalYearProject/Content/BPs/Ocasional.uexp" 1381
"D:/FinalyearProject/FinalYearProject/Content/TokyoStylizedEnvironment/Materials/Emissive_Light/MI_Emissive_Green.uasset" 1382
"D:/FinalyearProject/FinalYearProject/Content/TokyoStylizedEnvironment/Materials/Emissive_Light/MI_Emissive_Green.uexp" 1383
"D:/FinalyearProject/FinalYearProject/Content/TokyoStylizedEnvironment/Textures/T_TileStack_Orange.ubulk" 1384
"D:/FinalyearProject/FinalYearProject/Content/TokyoStylizedEnvironment/Textures/T_TileStack_Orange.uasset" 1385
"D:/FinalyearProject/FinalYearProject/Content/TokyoStylizedEnvironment/Textures/T_TileStack_Orange.uexp" 1386
"D:/FinalyearProject/FinalYearProject/Content/TokyoStylizedEnvironment/Textures/Buildings/WorldAlignedTextureTiles4.uasset" 1387
"D:/FinalyearProject/FinalYearProject/Content/TokyoStylizedEnvironment/Textures/Buildings/WorldAlignedTextureTiles4.uexp" 1388
"D:/FinalyearProject/FinalYearProject/Content/LevelPrototyping/Textures/T_GridChecker_A.ubulk" 1389
"D:/FinalyearProject/FinalYearProject/Content/LevelPrototyping/Textures/T_GridChecker_A.uasset" 1390
"D:/FinalyearProject/FinalYearProject/Content/LevelPrototyping/Textures/T_GridChecker_A.uexp" 1391
"D:/FinalyearProject/FinalYearProject/Content/LevelPrototyping/Materials/MF_ProcGrid.uasset" 1392
"D:/FinalyearProject/FinalYearProject/Content/LevelPrototyping/Materials/MF_ProcGrid.uexp" 1393
"D:/FinalyearProject/FinalYearProject/Content/LevelPrototyping/Materials/M_PrototypeGrid.uasset" 1394
"D:/FinalyearProject/FinalYearProject/Content/LevelPrototyping/Materials/M_PrototypeGrid.uexp" 1395
"D:/FinalyearProject/FinalYearProject/Content/LevelPrototyping/Materials/MI_PrototypeGrid_Gray.uasset" 1396
"D:/FinalyearProject/FinalYearProject/Content/LevelPrototyping/Materials/MI_PrototypeGrid_Gray.uexp" 1397
"D:/FinalyearProject/FinalYearProject/Content/LevelPrototyping/Meshes/SM_Cylinder.ubulk" 1398
"D:/FinalyearProject/FinalYearProject/Content/LevelPrototyping/Meshes/SM_Cylinder.uasset" 1399
"D:/FinalyearProject/FinalYearProject/Content/LevelPrototyping/Meshes/SM_Cylinder.uexp" 1400
"D:/FinalyearProject/FinalYearProject/Content/TokyoStylizedEnvironment/Materials/Trim_Window01/Window01_White/MI_Window01_LitCool.uasset" 1401
"D:/FinalyearProject/FinalYearProject/Content/TokyoStylizedEnvironment/Materials/Trim_Window01/Window01_White/MI_Window01_LitCool.uexp" 1402
"D:/FinalyearProject/FinalYearProject/Content/TokyoStylizedEnvironment/Materials/Trim_Window01/Window01_Gray/MI_Window01_Gray_LitCool.uasset" 1403
"D:/FinalyearProject/FinalYearProject/Content/TokyoStylizedEnvironment/Materials/Trim_Window01/Window01_Gray/MI_Window01_Gray_LitCool.uexp" 1404
"D:/FinalyearProject/FinalYearProject/Content/TokyoStylizedEnvironment/Meshes/Building_Decor/SM_Door01.ubulk" 1405
"D:/FinalyearProject/FinalYearProject/Content/TokyoStylizedEnvironment/Meshes/Building_Decor/SM_Door01.uasset" 1406
"D:/FinalyearProject/FinalYearProject/Content/TokyoStylizedEnvironment/Meshes/Building_Decor/SM_Door01.uexp" 1407
"D:/FinalyearProject/FinalYearProject/Content/TokyoStylizedEnvironment/Textures/T_PanelStripe_Base.ubulk" 1408
"D:/FinalyearProject/FinalYearProject/Content/TokyoStylizedEnvironment/Textures/T_PanelStripe_Base.uasset" 1409
"D:/FinalyearProject/FinalYearProject/Content/TokyoStylizedEnvironment/Textures/T_PanelStripe_Base.uexp" 1410
"D:/FinalyearProject/FinalYearProject/Content/TokyoStylizedEnvironment/Textures/T_PanelStripe_RMO.ubulk" 1411
"D:/FinalyearProject/FinalYearProject/Content/TokyoStylizedEnvironment/Textures/T_PanelStripe_RMO.uasset" 1412
"D:/FinalyearProject/FinalYearProject/Content/TokyoStylizedEnvironment/Textures/T_PanelStripe_RMO.uexp" 1413
"D:/FinalyearProject/FinalYearProject/Content/TokyoStylizedEnvironment/Textures/T_PanelStripe_Normal.ubulk" 1414
"D:/FinalyearProject/FinalYearProject/Content/TokyoStylizedEnvironment/Textures/T_PanelStripe_Normal.uasset" 1415
"D:/FinalyearProject/FinalYearProject/Content/TokyoStylizedEnvironment/Textures/T_PanelStripe_Normal.uexp" 1416
"D:/FinalyearProject/FinalYearProject/Content/TokyoStylizedEnvironment/Materials/Tile_Panel_Stripe/MI_PanelStripe.uasset" 1417
"D:/FinalyearProject/FinalYearProject/Content/TokyoStylizedEnvironment/Materials/Tile_Panel_Stripe/MI_PanelStripe.uexp" 1418
"D:/FinalyearProject/FinalYearProject/Content/TokyoStylizedEnvironment/Materials/Tile_Panel_Stripe/MI_PanelStripe_Black.uasset" 1419
"D:/FinalyearProject/FinalYearProject/Content/TokyoStylizedEnvironment/Materials/Tile_Panel_Stripe/MI_PanelStripe_Black.uexp" 1420
"D:/FinalyearProject/FinalYearProject/Content/BPs/TVMats/M_TV3.uasset" 1421
"D:/FinalyearProject/FinalYearProject/Content/BPs/TVMats/M_TV3.uexp" 1422
"D:/FinalyearProject/FinalYearProject/Content/TokyoStylizedEnvironment/Materials/Tile_Panel_Plain/MI_Panel_Basic_DarkGray.uasset" 1423
"D:/FinalyearProject/FinalYearProject/Content/TokyoStylizedEnvironment/Materials/Tile_Panel_Plain/MI_Panel_Basic_DarkGray.uexp" 1424
"D:/FinalyearProject/FinalYearProject/Content/TokyoStylizedEnvironment/Materials/Tile_Panel_Plain/MI_Panel_Basic_LightGray.uasset" 1425
"D:/FinalyearProject/FinalYearProject/Content/TokyoStylizedEnvironment/Materials/Tile_Panel_Plain/MI_Panel_Basic_LightGray.uexp" 1426
"D:/FinalyearProject/FinalYearProject/Content/TokyoStylizedEnvironment/Meshes/Signages/SM_Signage04.ubulk" 1427
"D:/FinalyearProject/FinalYearProject/Content/TokyoStylizedEnvironment/Meshes/Signages/SM_Signage04.uasset" 1428
"D:/FinalyearProject/FinalYearProject/Content/TokyoStylizedEnvironment/Meshes/Signages/SM_Signage04.uexp" 1429
"D:/FinalyearProject/FinalYearProject/Content/BPs/TVMats/M_TV4.uasset" 1430
"D:/FinalyearProject/FinalYearProject/Content/BPs/TVMats/M_TV4.uexp" 1431
"D:/FinalyearProject/FinalYearProject/Content/BPs/TVMats/M_TV5.uasset" 1432
"D:/FinalyearProject/FinalYearProject/Content/BPs/TVMats/M_TV5.uexp" 1433
"D:/FinalyearProject/FinalYearProject/Content/BPs/TVMats/M_TV6.uasset" 1434
"D:/FinalyearProject/FinalYearProject/Content/BPs/TVMats/M_TV6.uexp" 1435
"D:/FinalyearProject/FinalYearProject/Content/BPs/TVMats/M_TV1.uasset" 1436
"D:/FinalyearProject/FinalYearProject/Content/BPs/TVMats/M_TV1.uexp" 1437
"D:/FinalyearProject/FinalYearProject/Content/BPs/TVMats/M_TV2.uasset" 1438
"D:/FinalyearProject/FinalYearProject/Content/BPs/TVMats/M_TV2.uexp" 1439
"D:/FinalyearProject/FinalYearProject/Content/BPs/TV1.uasset" 1440
"D:/FinalyearProject/FinalYearProject/Content/BPs/TV1.uexp" 1441
"D:/FinalyearProject/FinalYearProject/Content/TokyoStylizedEnvironment/Textures/T_StreetTrash_Normal.ubulk" 1442
"D:/FinalyearProject/FinalYearProject/Content/TokyoStylizedEnvironment/Textures/T_StreetTrash_Normal.uasset" 1443
"D:/FinalyearProject/FinalYearProject/Content/TokyoStylizedEnvironment/Textures/T_StreetTrash_Normal.uexp" 1444
"D:/FinalyearProject/FinalYearProject/Content/TokyoStylizedEnvironment/Textures/T_StreetTrash_Base.ubulk" 1445
"D:/FinalyearProject/FinalYearProject/Content/TokyoStylizedEnvironment/Textures/T_StreetTrash_Base.uasset" 1446
"D:/FinalyearProject/FinalYearProject/Content/TokyoStylizedEnvironment/Textures/T_StreetTrash_Base.uexp" 1447
"D:/FinalyearProject/FinalYearProject/Content/TokyoStylizedEnvironment/Textures/T_StreetTrash_RMO.ubulk" 1448
"D:/FinalyearProject/FinalYearProject/Content/TokyoStylizedEnvironment/Textures/T_StreetTrash_RMO.uasset" 1449
"D:/FinalyearProject/FinalYearProject/Content/TokyoStylizedEnvironment/Textures/T_StreetTrash_RMO.uexp" 1450
"D:/FinalyearProject/FinalYearProject/Content/TokyoStylizedEnvironment/Materials/Trim_Street_Trash/M_StreetTrash.uasset" 1451
"D:/FinalyearProject/FinalYearProject/Content/TokyoStylizedEnvironment/Materials/Trim_Street_Trash/M_StreetTrash.uexp" 1452
"D:/FinalyearProject/FinalYearProject/Content/TokyoStylizedEnvironment/Meshes/Street_Trash/SM_Trash_Paper04.ubulk" 1453
"D:/FinalyearProject/FinalYearProject/Content/TokyoStylizedEnvironment/Meshes/Street_Trash/SM_Trash_Paper04.uasset" 1454
"D:/FinalyearProject/FinalYearProject/Content/TokyoStylizedEnvironment/Meshes/Street_Trash/SM_Trash_Paper04.uexp" 1455
"D:/FinalyearProject/FinalYearProject/Content/TokyoStylizedEnvironment/Meshes/Building_Decor/SM_Vent04.ubulk" 1456
"D:/FinalyearProject/FinalYearProject/Content/TokyoStylizedEnvironment/Meshes/Building_Decor/SM_Vent04.uasset" 1457
"D:/FinalyearProject/FinalYearProject/Content/TokyoStylizedEnvironment/Meshes/Building_Decor/SM_Vent04.uexp" 1458
"D:/FinalyearProject/FinalYearProject/Content/HDRICubeMap/kloppenheim_02_puresky_8k__1_.uasset" 1459
"D:/FinalyearProject/FinalYearProject/Content/HDRICubeMap/kloppenheim_02_puresky_8k__1_.uexp" 1460
"D:/FinalyearProject/FinalYearProject/Content/TokyoStylizedEnvironment/Textures/T_RoadBarriers_Emissive.ubulk" 1461
"D:/FinalyearProject/FinalYearProject/Content/TokyoStylizedEnvironment/Textures/T_RoadBarriers_Emissive.uasset" 1462
"D:/FinalyearProject/FinalYearProject/Content/TokyoStylizedEnvironment/Textures/T_RoadBarriers_Emissive.uexp" 1463
"D:/FinalyearProject/FinalYearProject/Content/TokyoStylizedEnvironment/Textures/T_RoadBarriers_Base.ubulk" 1464
"D:/FinalyearProject/FinalYearProject/Content/TokyoStylizedEnvironment/Textures/T_RoadBarriers_Base.uasset" 1465
"D:/FinalyearProject/FinalYearProject/Content/TokyoStylizedEnvironment/Textures/T_RoadBarriers_Base.uexp" 1466
"D:/FinalyearProject/FinalYearProject/Content/TokyoStylizedEnvironment/Textures/T_RoadBarriers_RMO.ubulk" 1467
"D:/FinalyearProject/FinalYearProject/Content/TokyoStylizedEnvironment/Textures/T_RoadBarriers_RMO.uasset" 1468
"D:/FinalyearProject/FinalYearProject/Content/TokyoStylizedEnvironment/Textures/T_RoadBarriers_RMO.uexp" 1469
"D:/FinalyearProject/FinalYearProject/Content/TokyoStylizedEnvironment/Textures/T_RoadBarriers_Normal.ubulk" 1470
"D:/FinalyearProject/FinalYearProject/Content/TokyoStylizedEnvironment/Textures/T_RoadBarriers_Normal.uasset" 1471
"D:/FinalyearProject/FinalYearProject/Content/TokyoStylizedEnvironment/Textures/T_RoadBarriers_Normal.uexp" 1472
"D:/FinalyearProject/FinalYearProject/Content/TokyoStylizedEnvironment/Materials/Unique_RoadBarriers/MI_RoadBarriers.uasset" 1473
"D:/FinalyearProject/FinalYearProject/Content/TokyoStylizedEnvironment/Materials/Unique_RoadBarriers/MI_RoadBarriers.uexp" 1474
"D:/FinalyearProject/FinalYearProject/Content/TokyoStylizedEnvironment/Materials/Unique_RoadBarriers/MI_RoadBarriers_BlueEmissive.uasset" 1475
"D:/FinalyearProject/FinalYearProject/Content/TokyoStylizedEnvironment/Materials/Unique_RoadBarriers/MI_RoadBarriers_BlueEmissive.uexp" 1476
"D:/FinalyearProject/FinalYearProject/Content/TokyoStylizedEnvironment/Meshes/Road_Barriers/SM_Cone02.ubulk" 1477
"D:/FinalyearProject/FinalYearProject/Content/TokyoStylizedEnvironment/Meshes/Road_Barriers/SM_Cone02.uasset" 1478
"D:/FinalyearProject/FinalYearProject/Content/TokyoStylizedEnvironment/Meshes/Road_Barriers/SM_Cone02.uexp" 1479
"../../../Engine/Content/BasicShapes/Sphere.ubulk" 1480
"../../../Engine/Content/BasicShapes/Sphere.uasset" 1481
"../../../Engine/Content/BasicShapes/Sphere.uexp" 1482
"D:/FinalyearProject/FinalYearProject/Content/BPs/TrafficLightMats/ML_TrafficLight_Lit_Green.uasset" 1483
"D:/FinalyearProject/FinalYearProject/Content/BPs/TrafficLightMats/ML_TrafficLight_Lit_Green.uexp" 1484
"D:/FinalyearProject/FinalYearProject/Content/BPs/TrafficLightMats/ML_TrafficLight_Unlit_Amber.uasset" 1485
"D:/FinalyearProject/FinalYearProject/Content/BPs/TrafficLightMats/ML_TrafficLight_Unlit_Amber.uexp" 1486
"D:/FinalyearProject/FinalYearProject/Content/TokyoStylizedEnvironment/Textures/T_RoadAsphalt_RMO.ubulk" 1487
"D:/FinalyearProject/FinalYearProject/Content/TokyoStylizedEnvironment/Textures/T_RoadAsphalt_RMO.uasset" 1488
"D:/FinalyearProject/FinalYearProject/Content/TokyoStylizedEnvironment/Textures/T_RoadAsphalt_RMO.uexp" 1489
"D:/FinalyearProject/FinalYearProject/Content/TokyoStylizedEnvironment/Materials/Tile_Road_Asphalt/MI_RoadAsphalt.uasset" 1490
"D:/FinalyearProject/FinalYearProject/Content/TokyoStylizedEnvironment/Materials/Tile_Road_Asphalt/MI_RoadAsphalt.uexp" 1491
"D:/FinalyearProject/FinalYearProject/Content/TokyoStylizedEnvironment/Materials/Tile_Road_Asphalt/MI_RoadAsphalt_Dark.uasset" 1492
"D:/FinalyearProject/FinalYearProject/Content/TokyoStylizedEnvironment/Materials/Tile_Road_Asphalt/MI_RoadAsphalt_Dark.uexp" 1493
"D:/FinalyearProject/FinalYearProject/Content/TokyoStylizedEnvironment/Meshes/Decals/SM_Decal_RoadCrossing.ubulk" 1494
"D:/FinalyearProject/FinalYearProject/Content/TokyoStylizedEnvironment/Meshes/Decals/SM_Decal_RoadCrossing.uasset" 1495
"D:/FinalyearProject/FinalYearProject/Content/TokyoStylizedEnvironment/Meshes/Decals/SM_Decal_RoadCrossing.uexp" 1496
"D:/FinalyearProject/FinalYearProject/Content/BPs/TrafficLightMats/ML_TrafficLight_Unlit_Green.uasset" 1497
"D:/FinalyearProject/FinalYearProject/Content/BPs/TrafficLightMats/ML_TrafficLight_Unlit_Green.uexp" 1498
"D:/FinalyearProject/FinalYearProject/Content/BPs/TrafficLightMats/ML_TrafficLight_Unlit_Red.uasset" 1499
"D:/FinalyearProject/FinalYearProject/Content/BPs/TrafficLightMats/ML_TrafficLight_Unlit_Red.uexp" 1500
"D:/FinalyearProject/FinalYearProject/Content/BPs/TrafficLightMats/ML_TrafficLight_Lit_Red.uasset" 1501
"D:/FinalyearProject/FinalYearProject/Content/BPs/TrafficLightMats/ML_TrafficLight_Lit_Red.uexp" 1502
"D:/FinalyearProject/FinalYearProject/Content/BPs/TrafficLightMats/ML_TrafficLight_Lit_Amber.uasset" 1503
"D:/FinalyearProject/FinalYearProject/Content/BPs/TrafficLightMats/ML_TrafficLight_Lit_Amber.uexp" 1504
"D:/FinalyearProject/FinalYearProject/Content/TokyoStylizedEnvironment/Meshes/StreetArch/SM_Post01.ubulk" 1505
"D:/FinalyearProject/FinalYearProject/Content/TokyoStylizedEnvironment/Meshes/StreetArch/SM_Post01.uasset" 1506
"D:/FinalyearProject/FinalYearProject/Content/TokyoStylizedEnvironment/Meshes/StreetArch/SM_Post01.uexp" 1507
"D:/FinalyearProject/FinalYearProject/Content/BPs/TrafficPoleRed.uasset" 1508
"D:/FinalyearProject/FinalYearProject/Content/BPs/TrafficPoleRed.uexp" 1509
"D:/FinalyearProject/FinalYearProject/Content/AssetsvilleTown/Meshes/StreetProps/SM_trash_bin_big.ubulk" 1510
"D:/FinalyearProject/FinalYearProject/Content/AssetsvilleTown/Meshes/StreetProps/SM_trash_bin_big.uasset" 1511
"D:/FinalyearProject/FinalYearProject/Content/AssetsvilleTown/Meshes/StreetProps/SM_trash_bin_big.uexp" 1512
"D:/FinalyearProject/FinalYearProject/Content/TokyoStylizedEnvironment/Meshes/Building_Decor/SM_Door_Single01.ubulk" 1513
"D:/FinalyearProject/FinalYearProject/Content/TokyoStylizedEnvironment/Meshes/Building_Decor/SM_Door_Single01.uasset" 1514
"D:/FinalyearProject/FinalYearProject/Content/TokyoStylizedEnvironment/Meshes/Building_Decor/SM_Door_Single01.uexp" 1515
"D:/FinalyearProject/FinalYearProject/Content/TokyoStylizedEnvironment/Meshes/Building_Decor/SM_Antenna01.ubulk" 1516
"D:/FinalyearProject/FinalYearProject/Content/TokyoStylizedEnvironment/Meshes/Building_Decor/SM_Antenna01.uasset" 1517
"D:/FinalyearProject/FinalYearProject/Content/TokyoStylizedEnvironment/Meshes/Building_Decor/SM_Antenna01.uexp" 1518
"D:/FinalyearProject/FinalYearProject/Content/TokyoStylizedEnvironment/Meshes/Building_Decor/SM_Window01.ubulk" 1519
"D:/FinalyearProject/FinalYearProject/Content/TokyoStylizedEnvironment/Meshes/Building_Decor/SM_Window01.uasset" 1520
"D:/FinalyearProject/FinalYearProject/Content/TokyoStylizedEnvironment/Meshes/Building_Decor/SM_Window01.uexp" 1521
"D:/FinalyearProject/FinalYearProject/Content/TokyoStylizedEnvironment/Textures/T_Panel02_Base.ubulk" 1522
"D:/FinalyearProject/FinalYearProject/Content/TokyoStylizedEnvironment/Textures/T_Panel02_Base.uasset" 1523
"D:/FinalyearProject/FinalYearProject/Content/TokyoStylizedEnvironment/Textures/T_Panel02_Base.uexp" 1524
"D:/FinalyearProject/FinalYearProject/Content/TokyoStylizedEnvironment/Textures/T_Panel02_Normal.ubulk" 1525
"D:/FinalyearProject/FinalYearProject/Content/TokyoStylizedEnvironment/Textures/T_Panel02_Normal.uasset" 1526
"D:/FinalyearProject/FinalYearProject/Content/TokyoStylizedEnvironment/Textures/T_Panel02_Normal.uexp" 1527
"D:/FinalyearProject/FinalYearProject/Content/TokyoStylizedEnvironment/Textures/T_Panel02_RMO.ubulk" 1528
"D:/FinalyearProject/FinalYearProject/Content/TokyoStylizedEnvironment/Textures/T_Panel02_RMO.uasset" 1529
"D:/FinalyearProject/FinalYearProject/Content/TokyoStylizedEnvironment/Textures/T_Panel02_RMO.uexp" 1530
"D:/FinalyearProject/FinalYearProject/Content/TokyoStylizedEnvironment/Materials/Tile_Panel02/MI_Panel02_White.uasset" 1531
"D:/FinalyearProject/FinalYearProject/Content/TokyoStylizedEnvironment/Materials/Tile_Panel02/MI_Panel02_White.uexp" 1532
"D:/FinalyearProject/FinalYearProject/Content/TokyoStylizedEnvironment/Materials/Tile_Panel02/MI_Panel02_Cream.uasset" 1533
"D:/FinalyearProject/FinalYearProject/Content/TokyoStylizedEnvironment/Materials/Tile_Panel02/MI_Panel02_Cream.uexp" 1534
"D:/FinalyearProject/FinalYearProject/Content/TokyoStylizedEnvironment/Meshes/Unique_Props/SM_Bench.ubulk" 1535
"D:/FinalyearProject/FinalYearProject/Content/TokyoStylizedEnvironment/Meshes/Unique_Props/SM_Bench.uasset" 1536
"D:/FinalyearProject/FinalYearProject/Content/TokyoStylizedEnvironment/Meshes/Unique_Props/SM_Bench.uexp" 1537
"D:/FinalyearProject/FinalYearProject/Content/TokyoStylizedEnvironment/Textures/Buildings/WorldAlignedTextureTiles5.uasset" 1538
"D:/FinalyearProject/FinalYearProject/Content/TokyoStylizedEnvironment/Textures/Buildings/WorldAlignedTextureTiles5.uexp" 1539
"D:/FinalyearProject/FinalYearProject/Content/Asian_Village/textures/building_textures/base_textures/stairs/T_stairs_01_Normal.ubulk" 1540
"D:/FinalyearProject/FinalYearProject/Content/Asian_Village/textures/building_textures/base_textures/stairs/T_stairs_01_Normal.uasset" 1541
"D:/FinalyearProject/FinalYearProject/Content/Asian_Village/textures/building_textures/base_textures/stairs/T_stairs_01_Normal.uexp" 1542
"D:/FinalyearProject/FinalYearProject/Content/Asian_Village/textures/building_textures/base_textures/concrete/T_concrete_01_Normal.ubulk" 1543
"D:/FinalyearProject/FinalYearProject/Content/Asian_Village/textures/building_textures/base_textures/concrete/T_concrete_01_Normal.uasset" 1544
"D:/FinalyearProject/FinalYearProject/Content/Asian_Village/textures/building_textures/base_textures/concrete/T_concrete_01_Normal.uexp" 1545
"D:/FinalyearProject/FinalYearProject/Content/Asian_Village/textures/building_textures/base_textures/concrete/T_concrete_01_BaseColor.ubulk" 1546
"D:/FinalyearProject/FinalYearProject/Content/Asian_Village/textures/building_textures/base_textures/concrete/T_concrete_01_BaseColor.uasset" 1547
"D:/FinalyearProject/FinalYearProject/Content/Asian_Village/textures/building_textures/base_textures/concrete/T_concrete_01_BaseColor.uexp" 1548
"D:/FinalyearProject/FinalYearProject/Content/Asian_Village/materials/building_materials/base_materials/M_concrete.uasset" 1549
"D:/FinalyearProject/FinalYearProject/Content/Asian_Village/materials/building_materials/base_materials/M_concrete.uexp" 1550
"D:/FinalyearProject/FinalYearProject/Content/Asian_Village/textures/building_textures/base_textures/stairs/T_stairs_01_BaseColor.ubulk" 1551
"D:/FinalyearProject/FinalYearProject/Content/Asian_Village/textures/building_textures/base_textures/stairs/T_stairs_01_BaseColor.uasset" 1552
"D:/FinalyearProject/FinalYearProject/Content/Asian_Village/textures/building_textures/base_textures/stairs/T_stairs_01_BaseColor.uexp" 1553
"D:/FinalyearProject/FinalYearProject/Content/Asian_Village/materials/building_materials/base_materials/MI_stairs_01_Inst.uasset" 1554
"D:/FinalyearProject/FinalYearProject/Content/Asian_Village/materials/building_materials/base_materials/MI_stairs_01_Inst.uexp" 1555
"D:/FinalyearProject/FinalYearProject/Content/Asian_Village/materials/building_materials/base_materials/MI_stairs_02_Inst.uasset" 1556
"D:/FinalyearProject/FinalYearProject/Content/Asian_Village/materials/building_materials/base_materials/MI_stairs_02_Inst.uexp" 1557
"D:/FinalyearProject/FinalYearProject/Content/Asian_Village/materials/building_materials/base_materials/MI_stairs_03_Inst.uasset" 1558
"D:/FinalyearProject/FinalYearProject/Content/Asian_Village/materials/building_materials/base_materials/MI_stairs_03_Inst.uexp" 1559
"D:/FinalyearProject/FinalYearProject/Content/Asian_Village/materials/building_materials/base_materials/MI_concrete_01_Inst.uasset" 1560
"D:/FinalyearProject/FinalYearProject/Content/Asian_Village/materials/building_materials/base_materials/MI_concrete_01_Inst.uexp" 1561
"D:/FinalyearProject/FinalYearProject/Content/Asian_Village/materials/building_materials/base_materials/MI_concrete_03_Inst.uasset" 1562
"D:/FinalyearProject/FinalYearProject/Content/Asian_Village/materials/building_materials/base_materials/MI_concrete_03_Inst.uexp" 1563
"D:/FinalyearProject/FinalYearProject/Content/Asian_Village/textures/landscape_textures/soil/T_soil_Normal.ubulk" 1564
"D:/FinalyearProject/FinalYearProject/Content/Asian_Village/textures/landscape_textures/soil/T_soil_Normal.uasset" 1565
"D:/FinalyearProject/FinalYearProject/Content/Asian_Village/textures/landscape_textures/soil/T_soil_Normal.uexp" 1566
"D:/FinalyearProject/FinalYearProject/Content/Asian_Village/textures/landscape_textures/soil/T_soil_BaseColor.ubulk" 1567
"D:/FinalyearProject/FinalYearProject/Content/Asian_Village/textures/landscape_textures/soil/T_soil_BaseColor.uasset" 1568
"D:/FinalyearProject/FinalYearProject/Content/Asian_Village/textures/landscape_textures/soil/T_soil_BaseColor.uexp" 1569
"D:/FinalyearProject/FinalYearProject/Content/Asian_Village/materials/building_materials/base_materials/MI_soil_01_Inst.uasset" 1570
"D:/FinalyearProject/FinalYearProject/Content/Asian_Village/materials/building_materials/base_materials/MI_soil_01_Inst.uexp" 1571
"D:/FinalyearProject/FinalYearProject/Content/Asian_Village/textures/building_textures/building_normal_maps/T_building_02_Normal.ubulk" 1572
"D:/FinalyearProject/FinalYearProject/Content/Asian_Village/textures/building_textures/building_normal_maps/T_building_02_Normal.uasset" 1573
"D:/FinalyearProject/FinalYearProject/Content/Asian_Village/textures/building_textures/building_normal_maps/T_building_02_Normal.uexp" 1574
"D:/FinalyearProject/FinalYearProject/Content/Asian_Village/textures/building_textures/base_textures/concrete/T_concrete_02_BaseColor.ubulk" 1575
"D:/FinalyearProject/FinalYearProject/Content/Asian_Village/textures/building_textures/base_textures/concrete/T_concrete_02_BaseColor.uasset" 1576
"D:/FinalyearProject/FinalYearProject/Content/Asian_Village/textures/building_textures/base_textures/concrete/T_concrete_02_BaseColor.uexp" 1577
"D:/FinalyearProject/FinalYearProject/Content/Asian_Village/textures/building_textures/base_textures/concrete/T_concrete_02_Normal.ubulk" 1578
"D:/FinalyearProject/FinalYearProject/Content/Asian_Village/textures/building_textures/base_textures/concrete/T_concrete_02_Normal.uasset" 1579
"D:/FinalyearProject/FinalYearProject/Content/Asian_Village/textures/building_textures/base_textures/concrete/T_concrete_02_Normal.uexp" 1580
"../../../Engine/Content/Functions/Engine_MaterialFunctions02/Texturing/WorldPositionWithScale.uasset" 1581
"../../../Engine/Content/Functions/Engine_MaterialFunctions02/Texturing/WorldPositionWithScale.uexp" 1582
"D:/FinalyearProject/FinalYearProject/Content/Asian_Village/materials/building_materials/M_building_concrete_WPO.uasset" 1583
"D:/FinalyearProject/FinalYearProject/Content/Asian_Village/materials/building_materials/M_building_concrete_WPO.uexp" 1584
"D:/FinalyearProject/FinalYearProject/Content/Asian_Village/materials/building_materials/MI_building_concrete_WPO_01_Inst.uasset" 1585
"D:/FinalyearProject/FinalYearProject/Content/Asian_Village/materials/building_materials/MI_building_concrete_WPO_01_Inst.uexp" 1586
"D:/FinalyearProject/FinalYearProject/Content/Asian_Village/meshes/props/SM_stone_flower_bed_02.ubulk" 1587
"D:/FinalyearProject/FinalYearProject/Content/Asian_Village/meshes/props/SM_stone_flower_bed_02.uasset" 1588
"D:/FinalyearProject/FinalYearProject/Content/Asian_Village/meshes/props/SM_stone_flower_bed_02.uexp" 1589
"D:/FinalyearProject/FinalYearProject/Content/TokyoStylizedEnvironment/Textures/T_TileStack_Cream2.ubulk" 1590
"D:/FinalyearProject/FinalYearProject/Content/TokyoStylizedEnvironment/Textures/T_TileStack_Cream2.uasset" 1591
"D:/FinalyearProject/FinalYearProject/Content/TokyoStylizedEnvironment/Textures/T_TileStack_Cream2.uexp" 1592
"D:/FinalyearProject/FinalYearProject/Content/TokyoStylizedEnvironment/Textures/Buildings/WorldAlignedTextureTiles6.uasset" 1593
"D:/FinalyearProject/FinalYearProject/Content/TokyoStylizedEnvironment/Textures/Buildings/WorldAlignedTextureTiles6.uexp" 1594
"../../../Engine/Content/Functions/Engine_MaterialFunctions02/ExampleContent/Textures/LowResBlurredNoise.uasset" 1595
"../../../Engine/Content/Functions/Engine_MaterialFunctions02/ExampleContent/Textures/LowResBlurredNoise.uexp" 1596
"../../../Engine/Content/Functions/Engine_MaterialFunctions01/Coordinates/WorldPosition-XY.uasset" 1597
"../../../Engine/Content/Functions/Engine_MaterialFunctions01/Coordinates/WorldPosition-XY.uexp" 1598
"../../../Engine/Content/EngineMaterials/RandomVectors_WithXNeighbor.uasset" 1599
"../../../Engine/Content/EngineMaterials/RandomVectors_WithXNeighbor.uexp" 1600
"../../../Engine/Content/Functions/Engine_MaterialFunctions03/Texturing/TextureVariation_RotateUV.uasset" 1601
"../../../Engine/Content/Functions/Engine_MaterialFunctions03/Texturing/TextureVariation_RotateUV.uexp" 1602
"../../../Engine/Content/Functions/Engine_MaterialFunctions03/Texturing/TextureVariation.uasset" 1603
"../../../Engine/Content/Functions/Engine_MaterialFunctions03/Texturing/TextureVariation.uexp" 1604
"../../../Engine/Content/Functions/Engine_MaterialFunctions02/ExampleContent/Textures/flipbook.ubulk" 1605
"../../../Engine/Content/Functions/Engine_MaterialFunctions02/ExampleContent/Textures/flipbook.uasset" 1606
"../../../Engine/Content/Functions/Engine_MaterialFunctions02/ExampleContent/Textures/flipbook.uexp" 1607
"../../../Engine/Plugins/Enterprise/DatasmithContent/Content/Materials/Water/MaterialFunctions/MF_FlipBook.uasset" 1608
"../../../Engine/Plugins/Enterprise/DatasmithContent/Content/Materials/Water/MaterialFunctions/MF_FlipBook.uexp" 1609
"../../../Engine/Plugins/Enterprise/DatasmithContent/Content/Materials/Water/Textures/T_Caustic_FlipBook.uasset" 1610
"../../../Engine/Plugins/Enterprise/DatasmithContent/Content/Materials/Water/Textures/T_Caustic_FlipBook.uexp" 1611
"../../../Engine/Content/Functions/Engine_MaterialFunctions02/Math/Pi.uasset" 1612
"../../../Engine/Content/Functions/Engine_MaterialFunctions02/Math/Pi.uexp" 1613
"../../../Engine/Plugins/Enterprise/DatasmithContent/Content/Materials/Water/MaterialFunctions/MF_Caustic.uasset" 1614
"../../../Engine/Plugins/Enterprise/DatasmithContent/Content/Materials/Water/MaterialFunctions/MF_Caustic.uexp" 1615
"../../../Engine/Plugins/Enterprise/DatasmithContent/Content/Materials/Water/Textures/T_Wavelets_N.ubulk" 1616
"../../../Engine/Plugins/Enterprise/DatasmithContent/Content/Materials/Water/Textures/T_Wavelets_N.uasset" 1617
"../../../Engine/Plugins/Enterprise/DatasmithContent/Content/Materials/Water/Textures/T_Wavelets_N.uexp" 1618
"../../../Engine/Plugins/Enterprise/DatasmithContent/Content/Materials/_common/Textures/T_Generic_N.uasset" 1619
"../../../Engine/Plugins/Enterprise/DatasmithContent/Content/Materials/_common/Textures/T_Generic_N.uexp" 1620
"../../../Engine/Plugins/Enterprise/DatasmithContent/Content/Materials/Water/MaterialFunctions/MF_NLerp.uasset" 1621
"../../../Engine/Plugins/Enterprise/DatasmithContent/Content/Materials/Water/MaterialFunctions/MF_NLerp.uexp" 1622
"../../../Engine/Plugins/Enterprise/DatasmithContent/Content/Materials/Water/MaterialFunctions/MF_Motion_Normals.uasset" 1623
"../../../Engine/Plugins/Enterprise/DatasmithContent/Content/Materials/Water/MaterialFunctions/MF_Motion_Normals.uexp" 1624
"../../../Engine/Plugins/Enterprise/DatasmithContent/Content/Materials/Water/Textures/T_WindGust_Mask.ubulk" 1625
"../../../Engine/Plugins/Enterprise/DatasmithContent/Content/Materials/Water/Textures/T_WindGust_Mask.uasset" 1626
"../../../Engine/Plugins/Enterprise/DatasmithContent/Content/Materials/Water/Textures/T_WindGust_Mask.uexp" 1627
"../../../Engine/Plugins/Enterprise/DatasmithContent/Content/Materials/Water/Textures/T_Perlin_Mask.ubulk" 1628
"../../../Engine/Plugins/Enterprise/DatasmithContent/Content/Materials/Water/Textures/T_Perlin_Mask.uasset" 1629
"../../../Engine/Plugins/Enterprise/DatasmithContent/Content/Materials/Water/Textures/T_Perlin_Mask.uexp" 1630
"../../../Engine/Plugins/Enterprise/DatasmithContent/Content/Materials/Water/MaterialFunctions/MF_Normals_Rotation_WS.uasset" 1631
"../../../Engine/Plugins/Enterprise/DatasmithContent/Content/Materials/Water/MaterialFunctions/MF_Normals_Rotation_WS.uexp" 1632
"../../../Engine/Plugins/Enterprise/DatasmithContent/Content/Materials/Water/MaterialFunctions/MF_Wind_Gusts_Normals.uasset" 1633
"../../../Engine/Plugins/Enterprise/DatasmithContent/Content/Materials/Water/MaterialFunctions/MF_Wind_Gusts_Normals.uexp" 1634
"../../../Engine/Plugins/Enterprise/DatasmithContent/Content/Materials/Water/MaterialFunctions/MF_SamplePos2x2.uasset" 1635
"../../../Engine/Plugins/Enterprise/DatasmithContent/Content/Materials/Water/MaterialFunctions/MF_SamplePos2x2.uexp" 1636
"../../../Engine/Plugins/Enterprise/DatasmithContent/Content/Materials/Water/Textures/T_Water_N.ubulk" 1637
"../../../Engine/Plugins/Enterprise/DatasmithContent/Content/Materials/Water/Textures/T_Water_N.uasset" 1638
"../../../Engine/Plugins/Enterprise/DatasmithContent/Content/Materials/Water/Textures/T_Water_N.uexp" 1639
"../../../Engine/Plugins/Enterprise/DatasmithContent/Content/Materials/Water/MaterialFunctions/MF_NormalStrength_WS.uasset" 1640
"../../../Engine/Plugins/Enterprise/DatasmithContent/Content/Materials/Water/MaterialFunctions/MF_NormalStrength_WS.uexp" 1641
"../../../Engine/Plugins/Enterprise/DatasmithContent/Content/Materials/Water/Textures/T_WaterNormal01_N.ubulk" 1642
"../../../Engine/Plugins/Enterprise/DatasmithContent/Content/Materials/Water/Textures/T_WaterNormal01_N.uasset" 1643
"../../../Engine/Plugins/Enterprise/DatasmithContent/Content/Materials/Water/Textures/T_WaterNormal01_N.uexp" 1644
"../../../Engine/Plugins/Enterprise/DatasmithContent/Content/Materials/Water/Textures/T_Water_LF_N.ubulk" 1645
"../../../Engine/Plugins/Enterprise/DatasmithContent/Content/Materials/Water/Textures/T_Water_LF_N.uasset" 1646
"../../../Engine/Plugins/Enterprise/DatasmithContent/Content/Materials/Water/Textures/T_Water_LF_N.uexp" 1647
"../../../Engine/Plugins/Enterprise/DatasmithContent/Content/Materials/Water/MaterialFunctions/MF_Wave_3B_Normals.uasset" 1648
"../../../Engine/Plugins/Enterprise/DatasmithContent/Content/Materials/Water/MaterialFunctions/MF_Wave_3B_Normals.uexp" 1649
"../../../Engine/Plugins/Enterprise/DatasmithContent/Content/Materials/Water/MaterialFunctions/MF_RealDepth.uasset" 1650
"../../../Engine/Plugins/Enterprise/DatasmithContent/Content/Materials/Water/MaterialFunctions/MF_RealDepth.uexp" 1651
"../../../Engine/Plugins/Enterprise/DatasmithContent/Content/Materials/Water/MFAttr_Water.uasset" 1652
"../../../Engine/Plugins/Enterprise/DatasmithContent/Content/Materials/Water/MFAttr_Water.uexp" 1653
"../../../Engine/Plugins/Enterprise/DatasmithContent/Content/Materials/Water/M_Water.uasset" 1654
"../../../Engine/Plugins/Enterprise/DatasmithContent/Content/Materials/Water/M_Water.uexp" 1655
"../../../Engine/Plugins/Enterprise/DatasmithContent/Content/Materials/Water/MI_Pool_01.uasset" 1656
"../../../Engine/Plugins/Enterprise/DatasmithContent/Content/Materials/Water/MI_Pool_01.uexp" 1657
"D:/FinalyearProject/FinalYearProject/Content/DreamscapeSeries/DreamscapeTower/Meshes/Foliage/SM_Vines_Large_03.ubulk" 1658
"D:/FinalyearProject/FinalYearProject/Content/DreamscapeSeries/DreamscapeTower/Meshes/Foliage/SM_Vines_Large_03.uasset" 1659
"D:/FinalyearProject/FinalYearProject/Content/DreamscapeSeries/DreamscapeTower/Meshes/Foliage/SM_Vines_Large_03.uexp" 1660
"D:/FinalyearProject/FinalYearProject/Content/TokyoStylizedEnvironment/Textures/T_TileStack_DarkGray.ubulk" 1661
"D:/FinalyearProject/FinalYearProject/Content/TokyoStylizedEnvironment/Textures/T_TileStack_DarkGray.uasset" 1662
"D:/FinalyearProject/FinalYearProject/Content/TokyoStylizedEnvironment/Textures/T_TileStack_DarkGray.uexp" 1663
"D:/FinalyearProject/FinalYearProject/Content/TokyoStylizedEnvironment/Textures/Buildings/WorldAlignedTextureTiles7.uasset" 1664
"D:/FinalyearProject/FinalYearProject/Content/TokyoStylizedEnvironment/Textures/Buildings/WorldAlignedTextureTiles7.uexp" 1665
"D:/FinalyearProject/FinalYearProject/Content/TokyoStylizedEnvironment/Meshes/Street_Trash/SM_Trash_Paper01.ubulk" 1666
"D:/FinalyearProject/FinalYearProject/Content/TokyoStylizedEnvironment/Meshes/Street_Trash/SM_Trash_Paper01.uasset" 1667
"D:/FinalyearProject/FinalYearProject/Content/TokyoStylizedEnvironment/Meshes/Street_Trash/SM_Trash_Paper01.uexp" 1668
"../../../Engine/Plugins/Runtime/HDRIBackdrop/Content/Materials/HDRI_Attributes.uasset" 1669
"../../../Engine/Plugins/Runtime/HDRIBackdrop/Content/Materials/HDRI_Attributes.uexp" 1670
"../../../Engine/Content/EngineResources/DefaultTextureCube.uasset" 1671
"../../../Engine/Content/EngineResources/DefaultTextureCube.uexp" 1672
"../../../Engine/Plugins/Runtime/HDRIBackdrop/Content/Materials/HDRI_Projection_Floor.uasset" 1673
"../../../Engine/Plugins/Runtime/HDRIBackdrop/Content/Materials/HDRI_Projection_Floor.uexp" 1674
"../../../Engine/Plugins/Runtime/HDRIBackdrop/Content/Materials/MI_HDRI_Floor.uasset" 1675
"../../../Engine/Plugins/Runtime/HDRIBackdrop/Content/Materials/MI_HDRI_Floor.uexp" 1676
"D:/FinalyearProject/FinalYearProject/Content/Asian_Village/textures/props_textures/lantern/T_lantern_Normal.ubulk" 1677
"D:/FinalyearProject/FinalYearProject/Content/Asian_Village/textures/props_textures/lantern/T_lantern_Normal.uasset" 1678
"D:/FinalyearProject/FinalYearProject/Content/Asian_Village/textures/props_textures/lantern/T_lantern_Normal.uexp" 1679
"D:/FinalyearProject/FinalYearProject/Content/Asian_Village/textures/props_textures/lantern/T_lantern_BaseColor.ubulk" 1680
"D:/FinalyearProject/FinalYearProject/Content/Asian_Village/textures/props_textures/lantern/T_lantern_BaseColor.uasset" 1681
"D:/FinalyearProject/FinalYearProject/Content/Asian_Village/textures/props_textures/lantern/T_lantern_BaseColor.uexp" 1682
"D:/FinalyearProject/FinalYearProject/Content/Asian_Village/materials/props_materials/M_lantern.uasset" 1683
"D:/FinalyearProject/FinalYearProject/Content/Asian_Village/materials/props_materials/M_lantern.uexp" 1684
"D:/FinalyearProject/FinalYearProject/Content/Asian_Village/materials/props_materials/MI_lantern_01_Inst.uasset" 1685
"D:/FinalyearProject/FinalYearProject/Content/Asian_Village/materials/props_materials/MI_lantern_01_Inst.uexp" 1686
"D:/FinalyearProject/FinalYearProject/Content/Asian_Village/meshes/props/SM_lantern_03.ubulk" 1687
"D:/FinalyearProject/FinalYearProject/Content/Asian_Village/meshes/props/SM_lantern_03.uasset" 1688
"D:/FinalyearProject/FinalYearProject/Content/Asian_Village/meshes/props/SM_lantern_03.uexp" 1689
"D:/FinalyearProject/FinalYearProject/Content/Asian_Village/textures/building_textures/base_textures/rope/T_rope_Normal.ubulk" 1690
"D:/FinalyearProject/FinalYearProject/Content/Asian_Village/textures/building_textures/base_textures/rope/T_rope_Normal.uasset" 1691
"D:/FinalyearProject/FinalYearProject/Content/Asian_Village/textures/building_textures/base_textures/rope/T_rope_Normal.uexp" 1692
"D:/FinalyearProject/FinalYearProject/Content/Asian_Village/textures/building_textures/base_textures/rope/T_rope_BaseColor.ubulk" 1693
"D:/FinalyearProject/FinalYearProject/Content/Asian_Village/textures/building_textures/base_textures/rope/T_rope_BaseColor.uasset" 1694
"D:/FinalyearProject/FinalYearProject/Content/Asian_Village/textures/building_textures/base_textures/rope/T_rope_BaseColor.uexp" 1695
"D:/FinalyearProject/FinalYearProject/Content/Asian_Village/materials/building_materials/base_materials/MI_rope_01_Inst.uasset" 1696
"D:/FinalyearProject/FinalYearProject/Content/Asian_Village/materials/building_materials/base_materials/MI_rope_01_Inst.uexp" 1697
"D:/FinalyearProject/FinalYearProject/Content/Asian_Village/meshes/props/SM_lantern_rope_01.ubulk" 1698
"D:/FinalyearProject/FinalYearProject/Content/Asian_Village/meshes/props/SM_lantern_rope_01.uasset" 1699
"D:/FinalyearProject/FinalYearProject/Content/Asian_Village/meshes/props/SM_lantern_rope_01.uexp" 1700
"D:/FinalyearProject/FinalYearProject/Content/TokyoStylizedEnvironment/Textures/T_TreeTrunk_Base.ubulk" 1701
"D:/FinalyearProject/FinalYearProject/Content/TokyoStylizedEnvironment/Textures/T_TreeTrunk_Base.uasset" 1702
"D:/FinalyearProject/FinalYearProject/Content/TokyoStylizedEnvironment/Textures/T_TreeTrunk_Base.uexp" 1703
"D:/FinalyearProject/FinalYearProject/Content/TokyoStylizedEnvironment/Textures/T_TreeTrunk_RMO.ubulk" 1704
"D:/FinalyearProject/FinalYearProject/Content/TokyoStylizedEnvironment/Textures/T_TreeTrunk_RMO.uasset" 1705
"D:/FinalyearProject/FinalYearProject/Content/TokyoStylizedEnvironment/Textures/T_TreeTrunk_RMO.uexp" 1706
"D:/FinalyearProject/FinalYearProject/Content/TokyoStylizedEnvironment/Textures/T_TreeTrunk_Normal.ubulk" 1707
"D:/FinalyearProject/FinalYearProject/Content/TokyoStylizedEnvironment/Textures/T_TreeTrunk_Normal.uasset" 1708
"D:/FinalyearProject/FinalYearProject/Content/TokyoStylizedEnvironment/Textures/T_TreeTrunk_Normal.uexp" 1709
"D:/FinalyearProject/FinalYearProject/Content/TokyoStylizedEnvironment/Materials/Tile_TreeTrunk/M_TreeTrunk.uasset" 1710
"D:/FinalyearProject/FinalYearProject/Content/TokyoStylizedEnvironment/Materials/Tile_TreeTrunk/M_TreeTrunk.uexp" 1711
"D:/FinalyearProject/FinalYearProject/Content/TokyoStylizedEnvironment/Materials/Tile_TreeTrunk/MI_TreeTrunk_Brown.uasset" 1712
"D:/FinalyearProject/FinalYearProject/Content/TokyoStylizedEnvironment/Materials/Tile_TreeTrunk/MI_TreeTrunk_Brown.uexp" 1713
"D:/FinalyearProject/FinalYearProject/Content/TokyoStylizedEnvironment/Meshes/Foliages/SM_Tree01.ubulk" 1714
"D:/FinalyearProject/FinalYearProject/Content/TokyoStylizedEnvironment/Meshes/Foliages/SM_Tree01.uasset" 1715
"D:/FinalyearProject/FinalYearProject/Content/TokyoStylizedEnvironment/Meshes/Foliages/SM_Tree01.uexp" 1716
"D:/FinalyearProject/FinalYearProject/Content/BPs/Tree1.uasset" 1717
"D:/FinalyearProject/FinalYearProject/Content/BPs/Tree1.uexp" 1718
"D:/FinalyearProject/FinalYearProject/Content/AssetsvilleTown/Meshes/StreetProps/SM_vending_machine_1.ubulk" 1719
"D:/FinalyearProject/FinalYearProject/Content/AssetsvilleTown/Meshes/StreetProps/SM_vending_machine_1.uasset" 1720
"D:/FinalyearProject/FinalYearProject/Content/AssetsvilleTown/Meshes/StreetProps/SM_vending_machine_1.uexp" 1721
"D:/FinalyearProject/FinalYearProject/Content/AssetsvilleTown/Meshes/StreetProps/SM_vending_machine_2.ubulk" 1722
"D:/FinalyearProject/FinalYearProject/Content/AssetsvilleTown/Meshes/StreetProps/SM_vending_machine_2.uasset" 1723
"D:/FinalyearProject/FinalYearProject/Content/AssetsvilleTown/Meshes/StreetProps/SM_vending_machine_2.uexp" 1724
"D:/FinalyearProject/FinalYearProject/Content/Asian_Village/materials/building_materials/MI_building_wood_06_Inst.uasset" 1725
"D:/FinalyearProject/FinalYearProject/Content/Asian_Village/materials/building_materials/MI_building_wood_06_Inst.uexp" 1726
"D:/FinalyearProject/FinalYearProject/Content/Asian_Village/textures/trees_textures/T_foliage_Mask.ubulk" 1727
"D:/FinalyearProject/FinalYearProject/Content/Asian_Village/textures/trees_textures/T_foliage_Mask.uasset" 1728
"D:/FinalyearProject/FinalYearProject/Content/Asian_Village/textures/trees_textures/T_foliage_Mask.uexp" 1729
"D:/FinalyearProject/FinalYearProject/Content/Asian_Village/textures/trees_textures/T_foliage_BaseColor.ubulk" 1730
"D:/FinalyearProject/FinalYearProject/Content/Asian_Village/textures/trees_textures/T_foliage_BaseColor.uasset" 1731
"D:/FinalyearProject/FinalYearProject/Content/Asian_Village/textures/trees_textures/T_foliage_BaseColor.uexp" 1732
"../../../Engine/Content/Functions/Engine_MaterialFunctions02/HueShift.uasset" 1733
"../../../Engine/Content/Functions/Engine_MaterialFunctions02/HueShift.uexp" 1734
"D:/FinalyearProject/FinalYearProject/Content/Asian_Village/materials/trees_materials/M_foliage.uasset" 1735
"D:/FinalyearProject/FinalYearProject/Content/Asian_Village/materials/trees_materials/M_foliage.uexp" 1736
"D:/FinalyearProject/FinalYearProject/Content/Asian_Village/materials/trees_materials/MI_foliage_01_Inst.uasset" 1737
"D:/FinalyearProject/FinalYearProject/Content/Asian_Village/materials/trees_materials/MI_foliage_01_Inst.uexp" 1738
"D:/FinalyearProject/FinalYearProject/Content/Asian_Village/materials/trees_materials/MI_foliage_03_Inst.uasset" 1739
"D:/FinalyearProject/FinalYearProject/Content/Asian_Village/materials/trees_materials/MI_foliage_03_Inst.uexp" 1740
"D:/FinalyearProject/FinalYearProject/Content/Asian_Village/textures/building_textures/base_textures/wooden_board/T_wooden_board_02_BaseColor.ubulk" 1741
"D:/FinalyearProject/FinalYearProject/Content/Asian_Village/textures/building_textures/base_textures/wooden_board/T_wooden_board_02_BaseColor.uasset" 1742
"D:/FinalyearProject/FinalYearProject/Content/Asian_Village/textures/building_textures/base_textures/wooden_board/T_wooden_board_02_BaseColor.uexp" 1743
"D:/FinalyearProject/FinalYearProject/Content/Asian_Village/textures/building_textures/base_textures/wooden_board/T_wooden_board_01_BaseColor.ubulk" 1744
"D:/FinalyearProject/FinalYearProject/Content/Asian_Village/textures/building_textures/base_textures/wooden_board/T_wooden_board_01_BaseColor.uasset" 1745
"D:/FinalyearProject/FinalYearProject/Content/Asian_Village/textures/building_textures/base_textures/wooden_board/T_wooden_board_01_BaseColor.uexp" 1746
"D:/FinalyearProject/FinalYearProject/Content/Asian_Village/textures/building_textures/base_textures/wooden_board/T_wooden_board_01_Normal.ubulk" 1747
"D:/FinalyearProject/FinalYearProject/Content/Asian_Village/textures/building_textures/base_textures/wooden_board/T_wooden_board_01_Normal.uasset" 1748
"D:/FinalyearProject/FinalYearProject/Content/Asian_Village/textures/building_textures/base_textures/wooden_board/T_wooden_board_01_Normal.uexp" 1749
"D:/FinalyearProject/FinalYearProject/Content/Asian_Village/materials/building_materials/base_materials/MI_wooden_board_01_Inst.uasset" 1750
"D:/FinalyearProject/FinalYearProject/Content/Asian_Village/materials/building_materials/base_materials/MI_wooden_board_01_Inst.uexp" 1751
"D:/FinalyearProject/FinalYearProject/Content/Asian_Village/materials/building_materials/base_materials/MI_wooden_board_02_Inst.uasset" 1752
"D:/FinalyearProject/FinalYearProject/Content/Asian_Village/materials/building_materials/base_materials/MI_wooden_board_02_Inst.uexp" 1753
"D:/FinalyearProject/FinalYearProject/Content/Asian_Village/textures/building_textures/base_textures/wooden_board/T_wooden_board_02_Normal.ubulk" 1754
"D:/FinalyearProject/FinalYearProject/Content/Asian_Village/textures/building_textures/base_textures/wooden_board/T_wooden_board_02_Normal.uasset" 1755
"D:/FinalyearProject/FinalYearProject/Content/Asian_Village/textures/building_textures/base_textures/wooden_board/T_wooden_board_02_Normal.uexp" 1756
"D:/FinalyearProject/FinalYearProject/Content/Asian_Village/materials/building_materials/base_materials/MI_wooden_board_03_Inst.uasset" 1757
"D:/FinalyearProject/FinalYearProject/Content/Asian_Village/materials/building_materials/base_materials/MI_wooden_board_03_Inst.uexp" 1758
"D:/FinalyearProject/FinalYearProject/Content/Asian_Village/meshes/props/SM_flower_box_01.ubulk" 1759
"D:/FinalyearProject/FinalYearProject/Content/Asian_Village/meshes/props/SM_flower_box_01.uasset" 1760
"D:/FinalyearProject/FinalYearProject/Content/Asian_Village/meshes/props/SM_flower_box_01.uexp" 1761
"D:/FinalyearProject/FinalYearProject/Content/TokyoStylizedEnvironment/Meshes/Building_Decor/SM_Window05.ubulk" 1762
"D:/FinalyearProject/FinalYearProject/Content/TokyoStylizedEnvironment/Meshes/Building_Decor/SM_Window05.uasset" 1763
"D:/FinalyearProject/FinalYearProject/Content/TokyoStylizedEnvironment/Meshes/Building_Decor/SM_Window05.uexp" 1764
"D:/FinalyearProject/FinalYearProject/Content/TokyoStylizedEnvironment/Meshes/Modular_BuildingBlocks/SM_Wall_50x500.ubulk" 1765
"D:/FinalyearProject/FinalYearProject/Content/TokyoStylizedEnvironment/Meshes/Modular_BuildingBlocks/SM_Wall_50x500.uasset" 1766
"D:/FinalyearProject/FinalYearProject/Content/TokyoStylizedEnvironment/Meshes/Modular_BuildingBlocks/SM_Wall_50x500.uexp" 1767
"D:/FinalyearProject/FinalYearProject/Content/LevelPrototyping/Meshes/SM_Cube.ubulk" 1768
"D:/FinalyearProject/FinalYearProject/Content/LevelPrototyping/Meshes/SM_Cube.uasset" 1769
"D:/FinalyearProject/FinalYearProject/Content/LevelPrototyping/Meshes/SM_Cube.uexp" 1770
"D:/FinalyearProject/FinalYearProject/Content/AssetsvilleTown/Meshes/StreetProps/SM_trash_bin_1.ubulk" 1771
"D:/FinalyearProject/FinalYearProject/Content/AssetsvilleTown/Meshes/StreetProps/SM_trash_bin_1.uasset" 1772
"D:/FinalyearProject/FinalYearProject/Content/AssetsvilleTown/Meshes/StreetProps/SM_trash_bin_1.uexp" 1773
"D:/FinalyearProject/FinalYearProject/Content/TokyoStylizedEnvironment/Materials/Tile_TreeTrunk/MI_TreeTrunk_Brown1.uasset" 1774
"D:/FinalyearProject/FinalYearProject/Content/TokyoStylizedEnvironment/Materials/Tile_TreeTrunk/MI_TreeTrunk_Brown1.uexp" 1775
"D:/FinalyearProject/FinalYearProject/Content/TokyoStylizedEnvironment/Materials/Emissive_Light/MI_Emissive_Orange.uasset" 1776
"D:/FinalyearProject/FinalYearProject/Content/TokyoStylizedEnvironment/Materials/Emissive_Light/MI_Emissive_Orange.uexp" 1777
"D:/FinalyearProject/FinalYearProject/Content/TokyoStylizedEnvironment/Textures/T_Sakura.ubulk" 1778
"D:/FinalyearProject/FinalYearProject/Content/TokyoStylizedEnvironment/Textures/T_Sakura.uasset" 1779
"D:/FinalyearProject/FinalYearProject/Content/TokyoStylizedEnvironment/Textures/T_Sakura.uexp" 1780
"D:/FinalyearProject/FinalYearProject/Content/TokyoStylizedEnvironment/Materials/Foliage_Tree_Sakura/MI_Sakura.uasset" 1781
"D:/FinalyearProject/FinalYearProject/Content/TokyoStylizedEnvironment/Materials/Foliage_Tree_Sakura/MI_Sakura.uexp" 1782
"D:/FinalyearProject/FinalYearProject/Content/TokyoStylizedEnvironment/Meshes/Building_Decor/SM_Antenna02.ubulk" 1783
"D:/FinalyearProject/FinalYearProject/Content/TokyoStylizedEnvironment/Meshes/Building_Decor/SM_Antenna02.uasset" 1784
"D:/FinalyearProject/FinalYearProject/Content/TokyoStylizedEnvironment/Meshes/Building_Decor/SM_Antenna02.uexp" 1785
"D:/FinalyearProject/FinalYearProject/Content/AssetsvilleTown/Meshes/StreetProps/SM_trash_bin_1a.ubulk" 1786
"D:/FinalyearProject/FinalYearProject/Content/AssetsvilleTown/Meshes/StreetProps/SM_trash_bin_1a.uasset" 1787
"D:/FinalyearProject/FinalYearProject/Content/AssetsvilleTown/Meshes/StreetProps/SM_trash_bin_1a.uexp" 1788
"D:/FinalyearProject/FinalYearProject/Content/TokyoStylizedEnvironment/Meshes/Street_Trash/SM_Trash_Paper03.ubulk" 1789
"D:/FinalyearProject/FinalYearProject/Content/TokyoStylizedEnvironment/Meshes/Street_Trash/SM_Trash_Paper03.uasset" 1790
"D:/FinalyearProject/FinalYearProject/Content/TokyoStylizedEnvironment/Meshes/Street_Trash/SM_Trash_Paper03.uexp" 1791
"D:/FinalyearProject/FinalYearProject/Content/TokyoStylizedEnvironment/Meshes/Foliages/SM_Tree02.ubulk" 1792
"D:/FinalyearProject/FinalYearProject/Content/TokyoStylizedEnvironment/Meshes/Foliages/SM_Tree02.uasset" 1793
"D:/FinalyearProject/FinalYearProject/Content/TokyoStylizedEnvironment/Meshes/Foliages/SM_Tree02.uexp" 1794
"D:/FinalyearProject/FinalYearProject/Content/BPs/Tree2.uasset" 1795
"D:/FinalyearProject/FinalYearProject/Content/BPs/Tree2.uexp" 1796
"D:/FinalyearProject/FinalYearProject/Content/TokyoStylizedEnvironment/Textures/T_TileStack_Red.ubulk" 1797
"D:/FinalyearProject/FinalYearProject/Content/TokyoStylizedEnvironment/Textures/T_TileStack_Red.uasset" 1798
"D:/FinalyearProject/FinalYearProject/Content/TokyoStylizedEnvironment/Textures/T_TileStack_Red.uexp" 1799
"D:/FinalyearProject/FinalYearProject/Content/TokyoStylizedEnvironment/Textures/Buildings/WorldAlignedTextureTiles3.uasset" 1800
"D:/FinalyearProject/FinalYearProject/Content/TokyoStylizedEnvironment/Textures/Buildings/WorldAlignedTextureTiles3.uexp" 1801
"D:/FinalyearProject/FinalYearProject/Content/TokyoStylizedEnvironment/Meshes/Modular_BuildingBlocks/SM_StoreFront_Door01.ubulk" 1802
"D:/FinalyearProject/FinalYearProject/Content/TokyoStylizedEnvironment/Meshes/Modular_BuildingBlocks/SM_StoreFront_Door01.uasset" 1803
"D:/FinalyearProject/FinalYearProject/Content/TokyoStylizedEnvironment/Meshes/Modular_BuildingBlocks/SM_StoreFront_Door01.uexp" 1804
"D:/FinalyearProject/FinalYearProject/Content/BPs/Door.uasset" 1805
"D:/FinalyearProject/FinalYearProject/Content/BPs/Door.uexp" 1806
"D:/FinalyearProject/FinalYearProject/Content/TokyoStylizedEnvironment/Materials/Emissive_Light/MI_Emissive_Unlit.uasset" 1807
"D:/FinalyearProject/FinalYearProject/Content/TokyoStylizedEnvironment/Materials/Emissive_Light/MI_Emissive_Unlit.uexp" 1808
"D:/FinalyearProject/FinalYearProject/Content/TokyoStylizedEnvironment/Textures/T_TileStack_Pink.ubulk" 1809
"D:/FinalyearProject/FinalYearProject/Content/TokyoStylizedEnvironment/Textures/T_TileStack_Pink.uasset" 1810
"D:/FinalyearProject/FinalYearProject/Content/TokyoStylizedEnvironment/Textures/T_TileStack_Pink.uexp" 1811
"D:/FinalyearProject/FinalYearProject/Content/TokyoStylizedEnvironment/Textures/Buildings/WorldAlignedTextureTiles8.uasset" 1812
"D:/FinalyearProject/FinalYearProject/Content/TokyoStylizedEnvironment/Textures/Buildings/WorldAlignedTextureTiles8.uexp" 1813
"D:/FinalyearProject/FinalYearProject/Content/TokyoStylizedEnvironment/Meshes/Building_Decor/SM_Window03.ubulk" 1814
"D:/FinalyearProject/FinalYearProject/Content/TokyoStylizedEnvironment/Meshes/Building_Decor/SM_Window03.uasset" 1815
"D:/FinalyearProject/FinalYearProject/Content/TokyoStylizedEnvironment/Meshes/Building_Decor/SM_Window03.uexp" 1816
"D:/FinalyearProject/FinalYearProject/Content/TokyoStylizedEnvironment/Materials/Tile_Panel_Plain/MI_SquarePanel_Basic_LightGray.uasset" 1817
"D:/FinalyearProject/FinalYearProject/Content/TokyoStylizedEnvironment/Materials/Tile_Panel_Plain/MI_SquarePanel_Basic_LightGray.uexp" 1818
"D:/FinalyearProject/FinalYearProject/Content/TokyoStylizedEnvironment/Meshes/Modular_BuildingBlocks/SM_Wall_Window01_500x500.ubulk" 1819
"D:/FinalyearProject/FinalYearProject/Content/TokyoStylizedEnvironment/Meshes/Modular_BuildingBlocks/SM_Wall_Window01_500x500.uasset" 1820
"D:/FinalyearProject/FinalYearProject/Content/TokyoStylizedEnvironment/Meshes/Modular_BuildingBlocks/SM_Wall_Window01_500x500.uexp" 1821
"D:/FinalyearProject/FinalYearProject/Content/DreamscapeSeries/DreamscapeTower/Meshes/Foliage/SM_Vines_Large_01.ubulk" 1822
"D:/FinalyearProject/FinalYearProject/Content/DreamscapeSeries/DreamscapeTower/Meshes/Foliage/SM_Vines_Large_01.uasset" 1823
"D:/FinalyearProject/FinalYearProject/Content/DreamscapeSeries/DreamscapeTower/Meshes/Foliage/SM_Vines_Large_01.uexp" 1824
"D:/FinalyearProject/FinalYearProject/Content/Realistic_Starter_VFX_Pack_Vol2/Textures/T_Steam_A.ubulk" 1825
"D:/FinalyearProject/FinalYearProject/Content/Realistic_Starter_VFX_Pack_Vol2/Textures/T_Steam_A.uasset" 1826
"D:/FinalyearProject/FinalYearProject/Content/Realistic_Starter_VFX_Pack_Vol2/Textures/T_Steam_A.uexp" 1827
"D:/FinalyearProject/FinalYearProject/Content/Realistic_Starter_VFX_Pack_Vol2/Materials/M_Smoke_Ground_C.uasset" 1828
"D:/FinalyearProject/FinalYearProject/Content/Realistic_Starter_VFX_Pack_Vol2/Materials/M_Smoke_Ground_C.uexp" 1829
"D:/FinalyearProject/FinalYearProject/Content/Realistic_Starter_VFX_Pack_Vol2/Particles/Smoke/P_Steam_A.uasset" 1830
"D:/FinalyearProject/FinalYearProject/Content/Realistic_Starter_VFX_Pack_Vol2/Particles/Smoke/P_Steam_A.uexp" 1831
"D:/FinalyearProject/FinalYearProject/Content/TokyoStylizedEnvironment/Meshes/Road_Props/SM_Road_Manhole02.ubulk" 1832
"D:/FinalyearProject/FinalYearProject/Content/TokyoStylizedEnvironment/Meshes/Road_Props/SM_Road_Manhole02.uasset" 1833
"D:/FinalyearProject/FinalYearProject/Content/TokyoStylizedEnvironment/Meshes/Road_Props/SM_Road_Manhole02.uexp" 1834
"D:/FinalyearProject/FinalYearProject/Content/TokyoStylizedEnvironment/Meshes/Street_Trash/SM_Trash_Paper02.ubulk" 1835
"D:/FinalyearProject/FinalYearProject/Content/TokyoStylizedEnvironment/Meshes/Street_Trash/SM_Trash_Paper02.uasset" 1836
"D:/FinalyearProject/FinalYearProject/Content/TokyoStylizedEnvironment/Meshes/Street_Trash/SM_Trash_Paper02.uexp" 1837
"D:/FinalyearProject/FinalYearProject/Content/TokyoStylizedEnvironment/Textures/T_Awning_Normal.ubulk" 1838
"D:/FinalyearProject/FinalYearProject/Content/TokyoStylizedEnvironment/Textures/T_Awning_Normal.uasset" 1839
"D:/FinalyearProject/FinalYearProject/Content/TokyoStylizedEnvironment/Textures/T_Awning_Normal.uexp" 1840
"D:/FinalyearProject/FinalYearProject/Content/TokyoStylizedEnvironment/Textures/T_Awning_Base.ubulk" 1841
"D:/FinalyearProject/FinalYearProject/Content/TokyoStylizedEnvironment/Textures/T_Awning_Base.uasset" 1842
"D:/FinalyearProject/FinalYearProject/Content/TokyoStylizedEnvironment/Textures/T_Awning_Base.uexp" 1843
"D:/FinalyearProject/FinalYearProject/Content/TokyoStylizedEnvironment/Textures/T_Awning_RMO.ubulk" 1844
"D:/FinalyearProject/FinalYearProject/Content/TokyoStylizedEnvironment/Textures/T_Awning_RMO.uasset" 1845
"D:/FinalyearProject/FinalYearProject/Content/TokyoStylizedEnvironment/Textures/T_Awning_RMO.uexp" 1846
"D:/FinalyearProject/FinalYearProject/Content/TokyoStylizedEnvironment/Materials/Trim_Awning/M_Awning.uasset" 1847
"D:/FinalyearProject/FinalYearProject/Content/TokyoStylizedEnvironment/Materials/Trim_Awning/M_Awning.uexp" 1848
"D:/FinalyearProject/FinalYearProject/Content/TokyoStylizedEnvironment/Materials/Trim_StreetTrim/MI_StreetTrim_MatteWhite.uasset" 1849
"D:/FinalyearProject/FinalYearProject/Content/TokyoStylizedEnvironment/Materials/Trim_StreetTrim/MI_StreetTrim_MatteWhite.uexp" 1850
"D:/FinalyearProject/FinalYearProject/Content/TokyoStylizedEnvironment/Meshes/Planters/SM_Tree_Base.ubulk" 1851
"D:/FinalyearProject/FinalYearProject/Content/TokyoStylizedEnvironment/Meshes/Planters/SM_Tree_Base.uasset" 1852
"D:/FinalyearProject/FinalYearProject/Content/TokyoStylizedEnvironment/Meshes/Planters/SM_Tree_Base.uexp" 1853
"D:/FinalyearProject/FinalYearProject/Content/TokyoStylizedEnvironment/Materials/Tile_Panel_Plain/MI_Panel_Basic_Black.uasset" 1854
"D:/FinalyearProject/FinalYearProject/Content/TokyoStylizedEnvironment/Materials/Tile_Panel_Plain/MI_Panel_Basic_Black.uexp" 1855
"D:/FinalyearProject/FinalYearProject/Content/TokyoStylizedEnvironment/Meshes/Modular_BuildingBlocks/SM_Beam01.ubulk" 1856
"D:/FinalyearProject/FinalYearProject/Content/TokyoStylizedEnvironment/Meshes/Modular_BuildingBlocks/SM_Beam01.uasset" 1857
"D:/FinalyearProject/FinalYearProject/Content/TokyoStylizedEnvironment/Meshes/Modular_BuildingBlocks/SM_Beam01.uexp" 1858
"D:/FinalyearProject/FinalYearProject/Content/TokyoStylizedEnvironment/Meshes/Modular_BuildingBlocks/SM_Balcony01.ubulk" 1859
"D:/FinalyearProject/FinalYearProject/Content/TokyoStylizedEnvironment/Meshes/Modular_BuildingBlocks/SM_Balcony01.uasset" 1860
"D:/FinalyearProject/FinalYearProject/Content/TokyoStylizedEnvironment/Meshes/Modular_BuildingBlocks/SM_Balcony01.uexp" 1861
"D:/FinalyearProject/FinalYearProject/Content/TokyoStylizedEnvironment/Textures/T_Grass_Base1.ubulk" 1862
"D:/FinalyearProject/FinalYearProject/Content/TokyoStylizedEnvironment/Textures/T_Grass_Base1.uasset" 1863
"D:/FinalyearProject/FinalYearProject/Content/TokyoStylizedEnvironment/Textures/T_Grass_Base1.uexp" 1864
"D:/FinalyearProject/FinalYearProject/Content/TokyoStylizedEnvironment/Textures/WorldAligned/WorldAlignedTextureDirt.uasset" 1865
"D:/FinalyearProject/FinalYearProject/Content/TokyoStylizedEnvironment/Textures/WorldAligned/WorldAlignedTextureDirt.uexp" 1866
"../../../Engine/Plugins/Runtime/HDRIBackdrop/Content/Materials/HDRI_Projection_Sky.uasset" 1867
"../../../Engine/Plugins/Runtime/HDRIBackdrop/Content/Materials/HDRI_Projection_Sky.uexp" 1868
"../../../Engine/Plugins/Runtime/HDRIBackdrop/Content/Materials/MI_HDRI_Sky.uasset" 1869
"../../../Engine/Plugins/Runtime/HDRIBackdrop/Content/Materials/MI_HDRI_Sky.uexp" 1870
"../../../Engine/Plugins/Runtime/HDRIBackdrop/Content/Textures/approaching_storm_4k.uasset" 1871
"../../../Engine/Plugins/Runtime/HDRIBackdrop/Content/Textures/approaching_storm_4k.uexp" 1872
"../../../Engine/Plugins/Runtime/HDRIBackdrop/Content/Meshes/EnviroDome.ubulk" 1873
"../../../Engine/Plugins/Runtime/HDRIBackdrop/Content/Meshes/EnviroDome.uasset" 1874
"../../../Engine/Plugins/Runtime/HDRIBackdrop/Content/Meshes/EnviroDome.uexp" 1875
"../../../Engine/Plugins/Runtime/HDRIBackdrop/Content/Blueprints/HDRIBackdrop.uasset" 1876
"../../../Engine/Plugins/Runtime/HDRIBackdrop/Content/Blueprints/HDRIBackdrop.uexp" 1877
"D:/FinalyearProject/FinalYearProject/Content/TokyoStylizedEnvironment/Meshes/Building_Decor/SM_AC03.ubulk" 1878
"D:/FinalyearProject/FinalYearProject/Content/TokyoStylizedEnvironment/Meshes/Building_Decor/SM_AC03.uasset" 1879
"D:/FinalyearProject/FinalYearProject/Content/TokyoStylizedEnvironment/Meshes/Building_Decor/SM_AC03.uexp" 1880
"../../../Engine/Plugins/Marketplace/Procedur73f8c604c342V8/Content/Pedestrian_Systems/Waypoint/BP_WayPoint.uasset" 1881
"../../../Engine/Plugins/Marketplace/Procedur73f8c604c342V8/Content/Pedestrian_Systems/Waypoint/BP_WayPoint.uexp" 1882
"../../../Engine/Content/Animation/DefaultAnimCurveCompressionSettings.uasset" 1883
"../../../Engine/Content/Animation/DefaultAnimCurveCompressionSettings.uexp" 1884
"../../../Engine/Plugins/Marketplace/Procedur73f8c604c342V8/Content/Demo_Content/PlayerCharacter/Animations/Mannequin/Character/Mesh/UE4_Mannequin_Skeleton.uasset" 1885
"../../../Engine/Plugins/Marketplace/Procedur73f8c604c342V8/Content/Demo_Content/PlayerCharacter/Animations/Mannequin/Character/Mesh/UE4_Mannequin_Skeleton.uexp" 1886
"../../../Engine/Content/Animation/DefaultAnimBoneCompressionSettings.uasset" 1887
"../../../Engine/Content/Animation/DefaultAnimBoneCompressionSettings.uexp" 1888
"../../../Engine/Plugins/Marketplace/Procedur73f8c604c342V8/Content/Demo_Content/PlayerCharacter/Animations/Mannequin/Animations/ThirdPersonIdle.uasset" 1889
"../../../Engine/Plugins/Marketplace/Procedur73f8c604c342V8/Content/Demo_Content/PlayerCharacter/Animations/Mannequin/Animations/ThirdPersonIdle.uexp" 1890
"../../../Engine/Plugins/Marketplace/Procedur73f8c604c342V8/Content/Demo_Content/PlayerCharacter/Animations/Mannequin/Animations/ThirdPersonRun.uasset" 1891
"../../../Engine/Plugins/Marketplace/Procedur73f8c604c342V8/Content/Demo_Content/PlayerCharacter/Animations/Mannequin/Animations/ThirdPersonRun.uexp" 1892
"../../../Engine/Plugins/Marketplace/Procedur73f8c604c342V8/Content/Demo_Content/PlayerCharacter/Animations/Mannequin/Animations/ThirdPersonWalk.uasset" 1893
"../../../Engine/Plugins/Marketplace/Procedur73f8c604c342V8/Content/Demo_Content/PlayerCharacter/Animations/Mannequin/Animations/ThirdPersonWalk.uexp" 1894
"../../../Engine/Plugins/Marketplace/Procedur73f8c604c342V8/Content/Demo_Content/PlayerCharacter/Animations/Mannequin/Animations/ThirdPerson_IdleRun_2D.uasset" 1895
"../../../Engine/Plugins/Marketplace/Procedur73f8c604c342V8/Content/Demo_Content/PlayerCharacter/Animations/Mannequin/Animations/ThirdPerson_IdleRun_2D.uexp" 1896
"../../../Engine/Plugins/Marketplace/Procedur73f8c604c342V8/Content/Demo_Content/Materials/CharacterMaterials/M_CharacterParent.uasset" 1897
"../../../Engine/Plugins/Marketplace/Procedur73f8c604c342V8/Content/Demo_Content/Materials/CharacterMaterials/M_CharacterParent.uexp" 1898
"../../../Engine/Plugins/Marketplace/Procedur73f8c604c342V8/Content/Demo_Content/Materials/CharacterMaterials/MI_CharacterColor_Blue.uasset" 1899
"../../../Engine/Plugins/Marketplace/Procedur73f8c604c342V8/Content/Demo_Content/Materials/CharacterMaterials/MI_CharacterColor_Blue.uexp" 1900
"../../../Engine/Plugins/Marketplace/Procedur73f8c604c342V8/Content/Demo_Content/Materials/CharacterMaterials/MI_CharacterColor_Green.uasset" 1901
"../../../Engine/Plugins/Marketplace/Procedur73f8c604c342V8/Content/Demo_Content/Materials/CharacterMaterials/MI_CharacterColor_Green.uexp" 1902
"../../../Engine/Plugins/Marketplace/Procedur73f8c604c342V8/Content/Demo_Content/PlayerCharacter/Animations/Mannequin/Animations/ThirdPerson_Jump.uasset" 1903
"../../../Engine/Plugins/Marketplace/Procedur73f8c604c342V8/Content/Demo_Content/PlayerCharacter/Animations/Mannequin/Animations/ThirdPerson_Jump.uexp" 1904
"../../../Engine/Plugins/Marketplace/Procedur73f8c604c342V8/Content/Demo_Content/PlayerCharacter/Animations/Mannequin/Animations/ThirdPersonJump_Start.uasset" 1905
"../../../Engine/Plugins/Marketplace/Procedur73f8c604c342V8/Content/Demo_Content/PlayerCharacter/Animations/Mannequin/Animations/ThirdPersonJump_Start.uexp" 1906
"../../../Engine/Plugins/Marketplace/Procedur73f8c604c342V8/Content/Demo_Content/PlayerCharacter/Animations/Mannequin/Animations/ThirdPersonJump_Loop.uasset" 1907
"../../../Engine/Plugins/Marketplace/Procedur73f8c604c342V8/Content/Demo_Content/PlayerCharacter/Animations/Mannequin/Animations/ThirdPersonJump_Loop.uexp" 1908
"../../../Engine/Plugins/Marketplace/Procedur73f8c604c342V8/Content/Demo_Content/PlayerCharacter/Animations/Mannequin/Animations/ThirdPerson_AnimBP.uasset" 1909
"../../../Engine/Plugins/Marketplace/Procedur73f8c604c342V8/Content/Demo_Content/PlayerCharacter/Animations/Mannequin/Animations/ThirdPerson_AnimBP.uexp" 1910
"../../../Engine/Plugins/Marketplace/Procedur73f8c604c342V8/Content/Demo_Content/Demo_HUD/W_Controls.uasset" 1911
"../../../Engine/Plugins/Marketplace/Procedur73f8c604c342V8/Content/Demo_Content/Demo_HUD/W_Controls.uexp" 1912
"../../../Engine/Plugins/Marketplace/Procedur73f8c604c342V8/Content/Demo_Content/PlayerCharacter/Animations/Mannequin/Character/Mesh/SK_Mannequin_PhysicsAsset.uasset" 1913
"../../../Engine/Plugins/Marketplace/Procedur73f8c604c342V8/Content/Demo_Content/PlayerCharacter/Animations/Mannequin/Character/Mesh/SK_Mannequin_PhysicsAsset.uexp" 1914
"../../../Engine/Plugins/Marketplace/Procedur73f8c604c342V8/Content/Demo_Content/PlayerCharacter/Animations/Mannequin/Character/Materials/M_Body.uasset" 1915
"../../../Engine/Plugins/Marketplace/Procedur73f8c604c342V8/Content/Demo_Content/PlayerCharacter/Animations/Mannequin/Character/Materials/M_Body.uexp" 1916
"../../../Engine/Plugins/Marketplace/Procedur73f8c604c342V8/Content/Demo_Content/PlayerCharacter/Animations/Mannequin/Character/Mesh/SK_Mannequin.uasset" 1917
"../../../Engine/Plugins/Marketplace/Procedur73f8c604c342V8/Content/Demo_Content/PlayerCharacter/Animations/Mannequin/Character/Mesh/SK_Mannequin.uexp" 1918
"../../../Engine/Plugins/Marketplace/Procedur73f8c604c342V8/Content/Demo_Content/PlayerCharacter/Blueprints/ThirdPersonCharacter.uasset" 1919
"../../../Engine/Plugins/Marketplace/Procedur73f8c604c342V8/Content/Demo_Content/PlayerCharacter/Blueprints/ThirdPersonCharacter.uexp" 1920
"../../../Engine/Plugins/Marketplace/Procedur73f8c604c342V8/Content/Demo_Content/BehaviorTree/SetWalkSpeed.uasset" 1921
"../../../Engine/Plugins/Marketplace/Procedur73f8c604c342V8/Content/Demo_Content/BehaviorTree/SetWalkSpeed.uexp" 1922
"../../../Engine/Plugins/Marketplace/Procedur73f8c604c342V8/Content/Demo_Content/BehaviorTree/BB_Pedestrian.uasset" 1923
"../../../Engine/Plugins/Marketplace/Procedur73f8c604c342V8/Content/Demo_Content/BehaviorTree/BB_Pedestrian.uexp" 1924
"../../../Engine/Plugins/Marketplace/Procedur73f8c604c342V8/Content/Demo_Content/BehaviorTree/BT_Pedestrian.uasset" 1925
"../../../Engine/Plugins/Marketplace/Procedur73f8c604c342V8/Content/Demo_Content/BehaviorTree/BT_Pedestrian.uexp" 1926
"../../../Engine/Plugins/Marketplace/Procedur73f8c604c342V8/Content/Demo_Content/Pedestrian/Blueprints/AIC_Pedestrian.uasset" 1927
"../../../Engine/Plugins/Marketplace/Procedur73f8c604c342V8/Content/Demo_Content/Pedestrian/Blueprints/AIC_Pedestrian.uexp" 1928
"../../../Engine/Plugins/Marketplace/Procedur73f8c604c342V8/Content/Demo_Content/Materials/CharacterMaterials/MI_CharacterColor_Red.uasset" 1929
"../../../Engine/Plugins/Marketplace/Procedur73f8c604c342V8/Content/Demo_Content/Materials/CharacterMaterials/MI_CharacterColor_Red.uexp" 1930
"../../../Engine/Plugins/Marketplace/Procedur73f8c604c342V8/Content/Demo_Content/Materials/CharacterMaterials/MI_CharacterColor_White.uasset" 1931
"../../../Engine/Plugins/Marketplace/Procedur73f8c604c342V8/Content/Demo_Content/Materials/CharacterMaterials/MI_CharacterColor_White.uexp" 1932
"../../../Engine/Plugins/Marketplace/Procedur73f8c604c342V8/Content/Demo_Content/Materials/CharacterMaterials/MI_CharacterColor_Orange.uasset" 1933
"../../../Engine/Plugins/Marketplace/Procedur73f8c604c342V8/Content/Demo_Content/Materials/CharacterMaterials/MI_CharacterColor_Orange.uexp" 1934
"../../../Engine/Plugins/Marketplace/Procedur73f8c604c342V8/Content/Demo_Content/PlayerCharacter/Animations/Mannequin/Animations/ThirdPersonJump_Loop_Montage.uasset" 1935
"../../../Engine/Plugins/Marketplace/Procedur73f8c604c342V8/Content/Demo_Content/PlayerCharacter/Animations/Mannequin/Animations/ThirdPersonJump_Loop_Montage.uexp" 1936
"../../../Engine/Plugins/Marketplace/Procedur73f8c604c342V8/Content/Demo_Content/Materials/CharacterMaterials/MI_CharacterColor_Yellow.uasset" 1937
"../../../Engine/Plugins/Marketplace/Procedur73f8c604c342V8/Content/Demo_Content/Materials/CharacterMaterials/MI_CharacterColor_Yellow.uexp" 1938
"../../../Engine/Plugins/Marketplace/Procedur73f8c604c342V8/Content/Demo_Content/Pedestrian/Blueprints/BP_Pedestrian.uasset" 1939
"../../../Engine/Plugins/Marketplace/Procedur73f8c604c342V8/Content/Demo_Content/Pedestrian/Blueprints/BP_Pedestrian.uexp" 1940
"../../../Engine/Plugins/Marketplace/Procedur73f8c604c342V8/Content/Pedestrian_Systems/Spawner/BP_Spawner.uasset" 1941
"../../../Engine/Plugins/Marketplace/Procedur73f8c604c342V8/Content/Pedestrian_Systems/Spawner/BP_Spawner.uexp" 1942
"../../../Engine/Plugins/Marketplace/Procedur73f8c604c342V8/Content/Pedestrian_Systems/Path/BP_PedestrianPath.uasset" 1943
"../../../Engine/Plugins/Marketplace/Procedur73f8c604c342V8/Content/Pedestrian_Systems/Path/BP_PedestrianPath.uexp" 1944
"D:/FinalyearProject/FinalYearProject/Content/AssetsvilleTown/Textures/T_fenceMetal_01.ubulk" 1945
"D:/FinalyearProject/FinalYearProject/Content/AssetsvilleTown/Textures/T_fenceMetal_01.uasset" 1946
"D:/FinalyearProject/FinalYearProject/Content/AssetsvilleTown/Textures/T_fenceMetal_01.uexp" 1947
"D:/FinalyearProject/FinalYearProject/Content/AssetsvilleTown/Materials/MasterMaterials/M_AlphaTest.uasset" 1948
"D:/FinalyearProject/FinalYearProject/Content/AssetsvilleTown/Materials/MasterMaterials/M_AlphaTest.uexp" 1949
"D:/FinalyearProject/FinalYearProject/Content/AssetsvilleTown/Materials/MI_FenceMetal_01.uasset" 1950
"D:/FinalyearProject/FinalYearProject/Content/AssetsvilleTown/Materials/MI_FenceMetal_01.uexp" 1951
"D:/FinalyearProject/FinalYearProject/Content/AssetsvilleTown/Meshes/StreetProps/SM_fence_104a.ubulk" 1952
"D:/FinalyearProject/FinalYearProject/Content/AssetsvilleTown/Meshes/StreetProps/SM_fence_104a.uasset" 1953
"D:/FinalyearProject/FinalYearProject/Content/AssetsvilleTown/Meshes/StreetProps/SM_fence_104a.uexp" 1954
"D:/FinalyearProject/FinalYearProject/Content/LevelPrototyping/Meshes/SM_Ramp.ubulk" 1955
"D:/FinalyearProject/FinalYearProject/Content/LevelPrototyping/Meshes/SM_Ramp.uasset" 1956
"D:/FinalyearProject/FinalYearProject/Content/LevelPrototyping/Meshes/SM_Ramp.uexp" 1957
"D:/FinalyearProject/FinalYearProject/Content/TokyoStylizedEnvironment/Materials/Tile_Glass/M_Glass_Opaque1.uasset" 1958
"D:/FinalyearProject/FinalYearProject/Content/TokyoStylizedEnvironment/Materials/Tile_Glass/M_Glass_Opaque1.uexp" 1959
"D:/FinalyearProject/FinalYearProject/Content/DreamscapeSeries/DreamscapeTower/Textures/Effects/T_Insect.ubulk" 1960
"D:/FinalyearProject/FinalYearProject/Content/DreamscapeSeries/DreamscapeTower/Textures/Effects/T_Insect.uasset" 1961
"D:/FinalyearProject/FinalYearProject/Content/DreamscapeSeries/DreamscapeTower/Textures/Effects/T_Insect.uexp" 1962
"D:/FinalyearProject/FinalYearProject/Content/DreamscapeSeries/SharedResources/Materials/Effects/M_Firefly.uasset" 1963
"D:/FinalyearProject/FinalYearProject/Content/DreamscapeSeries/SharedResources/Materials/Effects/M_Firefly.uexp" 1964
"D:/FinalyearProject/FinalYearProject/Content/DreamscapeSeries/DreamscapeTower/Effects/P_FireFly.uasset" 1965
"D:/FinalyearProject/FinalYearProject/Content/DreamscapeSeries/DreamscapeTower/Effects/P_FireFly.uexp" 1966
"D:/FinalyearProject/FinalYearProject/Content/TokyoStylizedEnvironment/Meshes/Building_Decor/SM_Window04.ubulk" 1967
"D:/FinalyearProject/FinalYearProject/Content/TokyoStylizedEnvironment/Meshes/Building_Decor/SM_Window04.uasset" 1968
"D:/FinalyearProject/FinalYearProject/Content/TokyoStylizedEnvironment/Meshes/Building_Decor/SM_Window04.uexp" 1969
"D:/FinalyearProject/FinalYearProject/Content/TokyoStylizedEnvironment/Meshes/Signages/SM_Signage01.ubulk" 1970
"D:/FinalyearProject/FinalYearProject/Content/TokyoStylizedEnvironment/Meshes/Signages/SM_Signage01.uasset" 1971
"D:/FinalyearProject/FinalYearProject/Content/TokyoStylizedEnvironment/Meshes/Signages/SM_Signage01.uexp" 1972
"D:/FinalyearProject/FinalYearProject/Content/TokyoStylizedEnvironment/Materials/Emissive_Light/MI_Emissive_Cyan.uasset" 1973
"D:/FinalyearProject/FinalYearProject/Content/TokyoStylizedEnvironment/Materials/Emissive_Light/MI_Emissive_Cyan.uexp" 1974
"D:/FinalyearProject/FinalYearProject/Content/AssetsvilleTown/Meshes/StreetProps/SM_trash_bin_1b.ubulk" 1975
"D:/FinalyearProject/FinalYearProject/Content/AssetsvilleTown/Meshes/StreetProps/SM_trash_bin_1b.uasset" 1976
"D:/FinalyearProject/FinalYearProject/Content/AssetsvilleTown/Meshes/StreetProps/SM_trash_bin_1b.uexp" 1977
"D:/FinalyearProject/FinalYearProject/Content/TokyoStylizedEnvironment/Materials/Trim_StreetTrim/MI_StreetTrim_MatteBlack.uasset" 1978
"D:/FinalyearProject/FinalYearProject/Content/TokyoStylizedEnvironment/Materials/Trim_StreetTrim/MI_StreetTrim_MatteBlack.uexp" 1979
"D:/FinalyearProject/FinalYearProject/Content/TokyoStylizedEnvironment/Meshes/Building_Decor/SM_Awning01.ubulk" 1980
"D:/FinalyearProject/FinalYearProject/Content/TokyoStylizedEnvironment/Meshes/Building_Decor/SM_Awning01.uasset" 1981
"D:/FinalyearProject/FinalYearProject/Content/TokyoStylizedEnvironment/Meshes/Building_Decor/SM_Awning01.uexp" 1982
"D:/FinalyearProject/FinalYearProject/Content/TokyoStylizedEnvironment/Textures/T_TileStack_Gray.ubulk" 1983
"D:/FinalyearProject/FinalYearProject/Content/TokyoStylizedEnvironment/Textures/T_TileStack_Gray.uasset" 1984
"D:/FinalyearProject/FinalYearProject/Content/TokyoStylizedEnvironment/Textures/T_TileStack_Gray.uexp" 1985
"D:/FinalyearProject/FinalYearProject/Content/TokyoStylizedEnvironment/Textures/Buildings/WorldAlignedTextureTiles9.uasset" 1986
"D:/FinalyearProject/FinalYearProject/Content/TokyoStylizedEnvironment/Textures/Buildings/WorldAlignedTextureTiles9.uexp" 1987
"D:/FinalyearProject/FinalYearProject/Content/TokyoStylizedEnvironment/Meshes/Building_Decor/SM_Beam_Cross02.ubulk" 1988
"D:/FinalyearProject/FinalYearProject/Content/TokyoStylizedEnvironment/Meshes/Building_Decor/SM_Beam_Cross02.uasset" 1989
"D:/FinalyearProject/FinalYearProject/Content/TokyoStylizedEnvironment/Meshes/Building_Decor/SM_Beam_Cross02.uexp" 1990
"D:/FinalyearProject/FinalYearProject/Content/AssetsvilleTown/Meshes/StreetProps/SM_grill.ubulk" 1991
"D:/FinalyearProject/FinalYearProject/Content/AssetsvilleTown/Meshes/StreetProps/SM_grill.uasset" 1992
"D:/FinalyearProject/FinalYearProject/Content/AssetsvilleTown/Meshes/StreetProps/SM_grill.uexp" 1993
"D:/FinalyearProject/FinalYearProject/Content/TokyoStylizedEnvironment/Meshes/Planters/SM_Bush_Base01.ubulk" 1994
"D:/FinalyearProject/FinalYearProject/Content/TokyoStylizedEnvironment/Meshes/Planters/SM_Bush_Base01.uasset" 1995
"D:/FinalyearProject/FinalYearProject/Content/TokyoStylizedEnvironment/Meshes/Planters/SM_Bush_Base01.uexp" 1996
"D:/FinalyearProject/FinalYearProject/Content/TokyoStylizedEnvironment/Materials/Trim_Awning/MI_Awning_Green.uasset" 1997
"D:/FinalyearProject/FinalYearProject/Content/TokyoStylizedEnvironment/Materials/Trim_Awning/MI_Awning_Green.uexp" 1998
"D:/FinalyearProject/FinalYearProject/Content/TokyoStylizedEnvironment/Meshes/Building_Decor/SM_Awning02.ubulk" 1999
"D:/FinalyearProject/FinalYearProject/Content/TokyoStylizedEnvironment/Meshes/Building_Decor/SM_Awning02.uasset" 2000
"D:/FinalyearProject/FinalYearProject/Content/TokyoStylizedEnvironment/Meshes/Building_Decor/SM_Awning02.uexp" 2001
"D:/FinalyearProject/FinalYearProject/Content/TokyoStylizedEnvironment/Textures/T_Sakura_Ground.ubulk" 2002
"D:/FinalyearProject/FinalYearProject/Content/TokyoStylizedEnvironment/Textures/T_Sakura_Ground.uasset" 2003
"D:/FinalyearProject/FinalYearProject/Content/TokyoStylizedEnvironment/Textures/T_Sakura_Ground.uexp" 2004
"D:/FinalyearProject/FinalYearProject/Content/TokyoStylizedEnvironment/Materials/Foliage_Tree_Sakura/M_Sakura_Ground_Decal.uasset" 2005
"D:/FinalyearProject/FinalYearProject/Content/TokyoStylizedEnvironment/Materials/Foliage_Tree_Sakura/M_Sakura_Ground_Decal.uexp" 2006
"D:/FinalyearProject/FinalYearProject/Content/TokyoStylizedEnvironment/Meshes/Street_Light/SM_StreetLight01.ubulk" 2007
"D:/FinalyearProject/FinalYearProject/Content/TokyoStylizedEnvironment/Meshes/Street_Light/SM_StreetLight01.uasset" 2008
"D:/FinalyearProject/FinalYearProject/Content/TokyoStylizedEnvironment/Meshes/Street_Light/SM_StreetLight01.uexp" 2009
"D:/FinalyearProject/FinalYearProject/Content/BPs/StreetLight.uasset" 2010
"D:/FinalyearProject/FinalYearProject/Content/BPs/StreetLight.uexp" 2011
"D:/FinalyearProject/FinalYearProject/Content/BPs/TrafficPoleGreen.uasset" 2012
"D:/FinalyearProject/FinalYearProject/Content/BPs/TrafficPoleGreen.uexp" 2013
"D:/FinalyearProject/FinalYearProject/Content/TokyoStylizedEnvironment/Textures/T_TileStack_Cream.ubulk" 2014
"D:/FinalyearProject/FinalYearProject/Content/TokyoStylizedEnvironment/Textures/T_TileStack_Cream.uasset" 2015
"D:/FinalyearProject/FinalYearProject/Content/TokyoStylizedEnvironment/Textures/T_TileStack_Cream.uexp" 2016
"D:/FinalyearProject/FinalYearProject/Content/TokyoStylizedEnvironment/Textures/Buildings/WorldAlignedTextureTiles2.uasset" 2017
"D:/FinalyearProject/FinalYearProject/Content/TokyoStylizedEnvironment/Textures/Buildings/WorldAlignedTextureTiles2.uexp" 2018
"D:/FinalyearProject/FinalYearProject/Content/AssetsvilleTown/Meshes/StreetProps/SM_fence_105end.ubulk" 2019
"D:/FinalyearProject/FinalYearProject/Content/AssetsvilleTown/Meshes/StreetProps/SM_fence_105end.uasset" 2020
"D:/FinalyearProject/FinalYearProject/Content/AssetsvilleTown/Meshes/StreetProps/SM_fence_105end.uexp" 2021
"D:/FinalyearProject/FinalYearProject/Content/Asian_Village/meshes/props/SM_stone_flower_bed_01.ubulk" 2022
"D:/FinalyearProject/FinalYearProject/Content/Asian_Village/meshes/props/SM_stone_flower_bed_01.uasset" 2023
"D:/FinalyearProject/FinalYearProject/Content/Asian_Village/meshes/props/SM_stone_flower_bed_01.uexp" 2024
"D:/FinalyearProject/FinalYearProject/Content/Asian_Village/meshes/props/SM_table_01.ubulk" 2025
"D:/FinalyearProject/FinalYearProject/Content/Asian_Village/meshes/props/SM_table_01.uasset" 2026
"D:/FinalyearProject/FinalYearProject/Content/Asian_Village/meshes/props/SM_table_01.uexp" 2027
"D:/FinalyearProject/FinalYearProject/Content/TokyoStylizedEnvironment/Textures/T_TileStack_Blue.ubulk" 2028
"D:/FinalyearProject/FinalYearProject/Content/TokyoStylizedEnvironment/Textures/T_TileStack_Blue.uasset" 2029
"D:/FinalyearProject/FinalYearProject/Content/TokyoStylizedEnvironment/Textures/T_TileStack_Blue.uexp" 2030
"D:/FinalyearProject/FinalYearProject/Content/TokyoStylizedEnvironment/Textures/Buildings/WorldAlignedTextureTiles11.uasset" 2031
"D:/FinalyearProject/FinalYearProject/Content/TokyoStylizedEnvironment/Textures/Buildings/WorldAlignedTextureTiles11.uexp" 2032
"D:/FinalyearProject/FinalYearProject/Content/DreamscapeSeries/DreamscapeTower/Meshes/Foliage/SM_Vines_Wide_01.ubulk" 2033
"D:/FinalyearProject/FinalYearProject/Content/DreamscapeSeries/DreamscapeTower/Meshes/Foliage/SM_Vines_Wide_01.uasset" 2034
"D:/FinalyearProject/FinalYearProject/Content/DreamscapeSeries/DreamscapeTower/Meshes/Foliage/SM_Vines_Wide_01.uexp" 2035
"D:/FinalyearProject/FinalYearProject/Content/TokyoStylizedEnvironment/Materials/Trim_StreetTrim/MI_StreetTrim_GlossGray.uasset" 2036
"D:/FinalyearProject/FinalYearProject/Content/TokyoStylizedEnvironment/Materials/Trim_StreetTrim/MI_StreetTrim_GlossGray.uexp" 2037
"D:/FinalyearProject/FinalYearProject/Content/Asian_Village/meshes/props/SM_bench_01.ubulk" 2038
"D:/FinalyearProject/FinalYearProject/Content/Asian_Village/meshes/props/SM_bench_01.uasset" 2039
"D:/FinalyearProject/FinalYearProject/Content/Asian_Village/meshes/props/SM_bench_01.uexp" 2040
"D:/FinalyearProject/FinalYearProject/Content/TokyoStylizedEnvironment/Materials/Tile_Panel_Stripe/MI_PanelStripe_LightGray.uasset" 2041
"D:/FinalyearProject/FinalYearProject/Content/TokyoStylizedEnvironment/Materials/Tile_Panel_Stripe/MI_PanelStripe_LightGray.uexp" 2042
"D:/FinalyearProject/FinalYearProject/Content/TokyoStylizedEnvironment/Textures/T_Window01_Blinds.ubulk" 2043
"D:/FinalyearProject/FinalYearProject/Content/TokyoStylizedEnvironment/Textures/T_Window01_Blinds.uasset" 2044
"D:/FinalyearProject/FinalYearProject/Content/TokyoStylizedEnvironment/Textures/T_Window01_Blinds.uexp" 2045
"D:/FinalyearProject/FinalYearProject/Content/TokyoStylizedEnvironment/Materials/Trim_Window01/Window01_White/MI_Window01_Blinds_White.uasset" 2046
"D:/FinalyearProject/FinalYearProject/Content/TokyoStylizedEnvironment/Materials/Trim_Window01/Window01_White/MI_Window01_Blinds_White.uexp" 2047
"D:/FinalyearProject/FinalYearProject/Content/stray.uexp" 2048
"D:/FinalyearProject/FinalYearProject/Content/stray.uasset" 2049
"D:/FinalyearProject/FinalYearProject/Content/stray.ufont" 2050
"D:/FinalyearProject/FinalYearProject/Content/stray_Font.uasset" 2051
"D:/FinalyearProject/FinalYearProject/Content/stray_Font.uexp" 2052
"D:/FinalyearProject/FinalYearProject/Content/Asian_Village/textures/building_textures/base_textures/wooden_board/T_wooden_board_03_BaseColor.ubulk" 2053
"D:/FinalyearProject/FinalYearProject/Content/Asian_Village/textures/building_textures/base_textures/wooden_board/T_wooden_board_03_BaseColor.uasset" 2054
"D:/FinalyearProject/FinalYearProject/Content/Asian_Village/textures/building_textures/base_textures/wooden_board/T_wooden_board_03_BaseColor.uexp" 2055
"D:/FinalyearProject/FinalYearProject/Content/Asian_Village/textures/building_textures/base_textures/stone_tiles/T_stone_tiles_03_BaseColor.ubulk" 2056
"D:/FinalyearProject/FinalYearProject/Content/Asian_Village/textures/building_textures/base_textures/stone_tiles/T_stone_tiles_03_BaseColor.uasset" 2057
"D:/FinalyearProject/FinalYearProject/Content/Asian_Village/textures/building_textures/base_textures/stone_tiles/T_stone_tiles_03_BaseColor.uexp" 2058
"D:/FinalyearProject/FinalYearProject/Content/Asian_Village/textures/building_textures/base_textures/stone_tiles/T_stone_tiles_03_Normal.ubulk" 2059
"D:/FinalyearProject/FinalYearProject/Content/Asian_Village/textures/building_textures/base_textures/stone_tiles/T_stone_tiles_03_Normal.uasset" 2060
"D:/FinalyearProject/FinalYearProject/Content/Asian_Village/textures/building_textures/base_textures/stone_tiles/T_stone_tiles_03_Normal.uexp" 2061
"D:/FinalyearProject/FinalYearProject/Content/Asian_Village/materials/building_materials/base_materials/M_tiles_WPO.uasset" 2062
"D:/FinalyearProject/FinalYearProject/Content/Asian_Village/materials/building_materials/base_materials/M_tiles_WPO.uexp" 2063
"D:/FinalyearProject/FinalYearProject/Content/Asian_Village/materials/building_materials/base_materials/MI_wooden_board_WPO_01_Inst.uasset" 2064
"D:/FinalyearProject/FinalYearProject/Content/Asian_Village/materials/building_materials/base_materials/MI_wooden_board_WPO_01_Inst.uexp" 2065
"D:/FinalyearProject/FinalYearProject/Content/Asian_Village/textures/building_textures/base_textures/wooden_board/T_wooden_board_03_Normal.ubulk" 2066
"D:/FinalyearProject/FinalYearProject/Content/Asian_Village/textures/building_textures/base_textures/wooden_board/T_wooden_board_03_Normal.uasset" 2067
"D:/FinalyearProject/FinalYearProject/Content/Asian_Village/textures/building_textures/base_textures/wooden_board/T_wooden_board_03_Normal.uexp" 2068
"D:/FinalyearProject/FinalYearProject/Content/Asian_Village/materials/building_materials/base_materials/MI_wooden_board_WPO_03_Inst.uasset" 2069
"D:/FinalyearProject/FinalYearProject/Content/Asian_Village/materials/building_materials/base_materials/MI_wooden_board_WPO_03_Inst.uexp" 2070
"D:/FinalyearProject/FinalYearProject/Content/TokyoStylizedEnvironment/Materials/Emissive_Light/MI_Emissive_Warm1.uasset" 2071
"D:/FinalyearProject/FinalYearProject/Content/TokyoStylizedEnvironment/Materials/Emissive_Light/MI_Emissive_Warm1.uexp" 2072
"D:/FinalyearProject/FinalYearProject/Content/FinalLevels/CityNightFinalV1.uexp" 2073
"D:/FinalyearProject/FinalYearProject/Content/FinalLevels/CityNightFinalV1.umap" 2074
"D:/FinalyearProject/FinalYearProject/Content/HDRICubeMap/lonely_road_afternoon_puresky_8k.uasset" 2075
"D:/FinalyearProject/FinalYearProject/Content/HDRICubeMap/lonely_road_afternoon_puresky_8k.uexp" 2076
"D:/FinalyearProject/FinalYearProject/Content/FinalLevels/CityDayFinalV1.uexp" 2077
"D:/FinalyearProject/FinalYearProject/Content/FinalLevels/CityDayFinalV1.umap" 2078
